CD_ACCESSO,TI_ACCESSO,DS_ACCESSO,UTCR,UTUV,PG_VER_REC
"CFGSTRORGCORECDRAMMM","A","Gestione centro di responsabilita (per amministratori di utenze)","SYSTEM","SYSTEM","1"
"CFGSTRORGCORECDRAMMV","A","Visualizzazione centro di responsabilita (per amministratori di utenze)","SYSTEM","SYSTEM","1"
"CFGLINATTTABRINSLATV","D","Visualizzazione insieme linee attivita","SYSTEM","SYSTEM","1"
"CFGLINATTTABRINSLATM","D","Gestione insieme linee attivita","SYSTEM","SYSTEM","1"
"DOCOBBLIGCOREOBBLIGM","D","Gestione impegni","SYSTEM","SYSTEM","1"
"DOCOBBLIGCOREOBBLIGV","D","Visualizzazione impegni","SYSTEM","SYSTEM","1"
"DOCOBBLIGCOREOBBLPRM","D","Gestione impegni provvisori","SYSTEM","SYSTEM","1"
"DOCOBBLIGCOREOBBLPRV","D","Visualizzazione impegni provvisori","SYSTEM","SYSTEM","1"
"DOCOBBLIGCOREOBBLDFM","D","Gestione impegni definitivi","SYSTEM","SYSTEM","1"
"DOCOBBLIGCOREOBBLDFV","D","Visualizzazione impegni definitivi","SYSTEM","SYSTEM","1"
"DOCOBBLIGCOREOBBCNFM","D","Conferme impegni","SYSTEM","SYSTEM","1"
"DOCOBBLIGCOREACCERTM","D","Gestione accertamenti","SYSTEM","SYSTEM","1"
"DOCOBBLIGCOREACCERTV","D","Visualizzazione accertamenti","SYSTEM","SYSTEM","1"
"DOCOBBLIGCOREACCRESM","C","Gestione accertamenti residui","SYSTEM","SYSTEM","1"
"DOCOBBLIGCOREACCRESV","C","Visualizzazione accertamenti residui","SYSTEM","SYSTEM","1"
"DOCOBBLIGTABRTIPOBBM","C","Gestione tipo impegni","SYSTEM","SYSTEM","1"
"DOCOBBLIGTABRTIPOBBV","D","Visualizzazione tipo impegni","SYSTEM","SYSTEM","1"
"AMMFATTURTABRTIPSEZM","C","Gestione tipo sezionale","SYSTEM","SYSTEM","1"
"AMMFATTURTABRTIPSEZV","D","Visualizzazione tipo sezionale","SYSTEM","SYSTEM","1"
"AMMFATTURTABRSEZIONM","C","Gestione sezionale","SYSTEM","SYSTEM","1"
"AMMFATTURTABRSEZIONV","D","Visualizzazione sezionale","SYSTEM","SYSTEM","1"
"AMMFATTURTABRATTCOMV","D","Visualizzazione attivita commerciale","SYSTEM","SYSTEM","1"
"AMMFATTURTABRATTCOMM","C","Gestione attivita commerciale","SYSTEM","SYSTEM","1"
"AMMFATTURTABRGRUIVAM","C","Gestione gruppo Iva","SYSTEM","SYSTEM","1"
"AMMFATTURTABRGRUIVAV","D","Visualizzazione gruppo Iva","SYSTEM","SYSTEM","1"
"AMMFATTURTABRBENSERM","C","Gestione bene servizio","SYSTEM","SYSTEM","1"
"AMMFATTURTABRBENSERV","D","Visualizzazione bene servizio","SYSTEM","SYSTEM","1"
"AMMFATTURDOCSFATPASM","D","Gestione fattura passiva","SYSTEM","SYSTEM","1"
"CONSPDGGAREASPE","D","Consultazione PdG Gestionale Spese per Area/Istituto","SYSTEM","SYSTEM","1"
"AMMFATTURDOCSFATPASV","D","Visualizzazione fattura passiva","SYSTEM","SYSTEM","1"
"AMMFATTURTABRVOCIVAM","C","Gestione voce iva","SYSTEM","SYSTEM","1"
"AMMFATTURTABRVOCIVAV","D","Visualizzazione voce iva","SYSTEM","SYSTEM","1"
"AMMFATTURTABRVALSTRM","C","Gestione valuta straniera","SYSTEM","SYSTEM","1"
"AMMFATTURTABRVALSTRV","D","Visualizzazione valuta straniera","SYSTEM","SYSTEM","1"
"AMMFATTURTABRCAMBIOM","D","Gestione cambio","SYSTEM","SYSTEM","1"
"AMMFATTURTABRCAMBIOV","D","Visualizzazione cambio","SYSTEM","SYSTEM","1"
"AMMDOCGENDOCSGENPASM","D","Gestione documento generico passivo","SYSTEM","SYSTEM","1"
"AMMDOCGENDOCSGENPASV","D","Visualizzazione documento generico passivo","SYSTEM","SYSTEM","1"
"AMMDOCGENDOCSGENATTM","D","Gestione documento generico attivo","SYSTEM","SYSTEM","1"
"AMMDOCGENDOCSGENATTV","D","Visualizzazione documento generico attivo","SYSTEM","SYSTEM","1"
"AMMFATTURDOCSFATATTM","D","Gestione fattura attiva","SYSTEM","SYSTEM","1"
"AMMFATTURDOCSFATATTV","D","Visualizzazione fattura attiva","SYSTEM","SYSTEM","1"
"DOCMANDATCOREPAGAM0M","D","Gestione mandato pagamento","SYSTEM","SYSTEM","1"
"DOCMANDATCOREPAGAM0V","D","Visualizzazione mandato pagamento","SYSTEM","SYSTEM","1"
"DOCMANDATCOREACCRE0V","D","Visualizzazione mandato accreditamento","SYSTEM","SYSTEM","1"
"DOCMANDATCOREACCRE0M","C","Gestione mandato accreditamento","SYSTEM","SYSTEM","1"
"AMMFATTURTABRTARIFFM","D","Gestione tariffario","SYSTEM","SYSTEM","1"
"AMMFATTURTABRTARIFFV","D","Visualizzazione tariffario","SYSTEM","SYSTEM","1"
"AMMFATTURTABRTIPPREV","D","Visualizzazione tipologia prestazioni","SYSTEM","SYSTEM","1"
"AMMFATTURTABRTIPPREM","C","Gestione tipologia prestazioni","SYSTEM","SYSTEM","1"
"AMMFATTURDOCSNOTCRDV","D","Visualizzazione nota di credito","SYSTEM","SYSTEM","1"
"AMMMISSIOTABRTIPSPEV","D","Visualizzazione Tipo Spese ","SYSTEM","SYSTEM","1"
"AMMMISSIOTABRTFAUTOM","C","Gestione Tariffario Auto","SYSTEM","SYSTEM","1"
"AMMMISSIOTABRTFAUTOV","D","Visualizzazione Tariffario auto (per missioni)","SYSTEM","SYSTEM","1"
"AMMMISSIOTABRRIMBKMM","C","Gestione Rimborso Km","SYSTEM","SYSTEM","1"
"AMMMISSIOTABRRIMBKMV","D","Visualizzazione Rimborso Km","SYSTEM","SYSTEM","1"
"AMMINVENTTABRUBICAZM","D","Gestione ubicazione bene","SYSTEM","SYSTEM","1"
"AMMINVENTTABRUBICAZV","D","Visualizzazione ubicazione bene","SYSTEM","SYSTEM","1"
"AMMINVENTTABRCONBENM","C","Gestione condizione bene","SYSTEM","SYSTEM","1"
"AMMINVENTTABRCONBENV","D","Visualizzazione condizione bene","SYSTEM","SYSTEM","1"
"AMMINVENTTABRTIMOVIM","C","Gestione tipo movimento inventario","SYSTEM","SYSTEM","1"
"RIPGESRIPCORERIPSUCM","D","Gestione riporto es. succ. - diretto","SYSTEM","SYSTEM","1"
"RIPGESRIPCOREREVSUCM","C","Gestione riporto es. succ. - cambio capitolo","SYSTEM","SYSTEM","1"
"RIPGESRIPCORERIPPREM","C","Gestione riporto es. precedente","SYSTEM","SYSTEM","1"
"DOCOBBLIGCOREIMPRESM","C","Gestione impegni residui ENTE","SYSTEM","SYSTEM","1"
"DOCOBBLIGCOREIMPRESV","C","Visualizzazione impegni residui ENTE","SYSTEM","SYSTEM","1"
"DOCOBBLIGCOREANSPREM","C","Gestione ann.spesa su p.giro residue","SYSTEM","SYSTEM","1"
"DOCOBBLIGCOREANSPREV","D","Visualizzazione ann.spesa su p.giro residue","SYSTEM","SYSTEM","1"
"DOCACCERTCOREANENREM","C","Gestione ann.entrata su p.giro residue","SYSTEM","SYSTEM","1"
"DOCACCERTCOREANENREV","D","Visualizzazione ann.entrata su p.giro residue","SYSTEM","SYSTEM","1"
"DOCINTCASCORESSOCDSM","D","Stampa sospesi ente associati a cds","SYSTEM","SYSTEM","1"
"DOCINTCASCORESSOREVM","D","Stampa sospesi ente associati a reversali","SYSTEM","SYSTEM","1"
"DOCINTCASCORESTMSOSM","D","Stampa sospesi","SYSTEM","SYSTEM","1"
"DOCINTCASCORESTMRISM","D","Stampa riscontri","SYSTEM","SYSTEM","1"
"DOCINTCASCOREPRFILEM","C","Processa file cassiere","SYSTEM","SYSTEM","1"
"CNSPDGINGCOREEANAACM","D","Stampa situazione analit. per GAE - Entrate anno corr. FINE VALIDITA 2005","SYSTEM","SYSTEM","1"
"CNSPDGINGCOREESINACM","D","Stampa situazione sintet. per LdA - Entrate anno corr. FINE VALIDITA 2005","SYSTEM","SYSTEM","1"
"CNSPDGINGCORERNCDSEM","D","Stampa rendiconto finanziario CDS  - Entrate FINE VALIDITA 2005","SYSTEM","SYSTEM","1"
"CNSPDGINGCORERNCDSSM","D","Stampa rendiconto finanziario CDS  - Spese FINE VALIDITA 2005","SYSTEM","SYSTEM","1"
"CNSPDGINGCORERNSACSM","D","Stampa rendiconto finanziario SAC per artic. - Spese FINE VALIDITA 2005","SYSTEM","SYSTEM","1"
"AMMCONGUACORESTCONGM","D","Stampa conguaglio","SYSTEM","SYSTEM","1"
"AMMCOMPENCORESTRICPM","D","Stampa  riepilogo compensi","SYSTEM","SYSTEM","1"
"DOCINTCASCORESSOMANM","D","Stampa sospesi ente associati a mandati","SYSTEM","SYSTEM","1"
"AMMLIQIVACORELIQANNM","C","Gestione liquidazione annuale IVA","SYSTEM","SYSTEM","1"
"AMMLIQIVACORECDIVAAM","C","Gestione codici IVA fatture acquisti","SYSTEM","SYSTEM","1"
"AMMLIQIVACORECDIVAVM","C","Gestione codici IVA fatture vendite","SYSTEM","SYSTEM","1"
"AMMLIQIVACORERIQUVFM","C","Gestione riepilogativi quadri VA-VF","SYSTEM","SYSTEM","1"
"AMMLIQIVACORERIQUVEM","C","Gestione riepilogativi quadri VA-VE","SYSTEM","SYSTEM","1"
"AMMFATTURDOCSLDCAMMM","D","Lista documenti amministrativi","SYSTEM","SYSTEM","1"
"AMMINVENTTABRTIAMMOV","D","Visualizzazione tipo ammortamento","SYSTEM","SYSTEM","1"
"AMMINVENTTABRTIAMMOM","C","Gestione tipo ammortamento","SYSTEM","SYSTEM","1"
"AMMCOMPENTABRTRCORIM","C","Gestione Trattamento CORI","SYSTEM","SYSTEM","1"
"AMMCOMPENTABRTRCORIV","D","Visualizzazione Trattamento CORI","SYSTEM","SYSTEM","1"
"CFGBATCHLCOREBATCHLV","D","Visualizzazione logs","SYSTEM","SYSTEM","1"
"CFGBATCHLCOREBATCHLM","C","Gestione logs","SYSTEM","SYSTEM","1"
"AMMINVENTCOREASINBNM","D","Gestione associazione RigaFatt - InvBene","SYSTEM","SYSTEM","1"
"AMMFDECONCORESPECONV","D","Visualizzazione spese fondo economale","SYSTEM","SYSTEM","1"
"AMMFDECONCORESPECONM","D","Gestione spese fondo economale","SYSTEM","SYSTEM","1"
"AMMCOMPENTABRTIRISCM","C","Gestione Tipologia Rischio","SYSTEM","SYSTEM","1"
"AMMCOMPENTABRTIRISCV","D","Visualizzazione Tipologia Rischio","SYSTEM","SYSTEM","1"
"AMMMISSIOTABRTIPSPEM","C","Gestione Tipo Spese ","SYSTEM","SYSTEM","1"
"AMMINVENTTABRTIMOVIV","D","Visualizzazione tipo movimento inventario","SYSTEM","SYSTEM","1"
"AMMCOMPENTABRTICONTV","D","Visualizzazione Tipo Contributo","SYSTEM","SYSTEM","1"
"AMMINVENTTABRINVEACM","D","Gestione apertura/chiusura inventario","SYSTEM","SYSTEM","1"
"AMMFATTURTABRCPAV","D","Visualizzazione codici cpa","SYSTEM","SYSTEM","1"
"DOCREVERSCOREREVPRVM","D","Reversali Provvisorie","SYSTEM","SYSTEM","1"
"PRVCSTDIPCORERIPCSTV","D","Visualizzazione Ripartizione Costi del personale PREVISIONALI","SYSTEM","SYSTEM","1"
"PRVCSTDIPCORERIPCSTM","D","Gestione Ripartizione Costi del personale PREVISIONALI","SYSTEM","SYSTEM","1"
"AMMFATTURTABRCTGRINM","C","Gestione categoria gruppo inventario","SYSTEM","SYSTEM","1"
"AMMFATTURTABRCTGRINV","D","Visualizzazione categoria gruppo inventario","SYSTEM","SYSTEM","1"
"CFGANAGCFCOREANAGSOV","D","Visualizzazione anagrafica struttura organizzativa","SYSTEM","SYSTEM","1"
"PRVVARBILCOREVARBILM","D","Modifica Variazioni di Bilancio","SYSTEM","SYSTEM","1"
"PRVVARBILCOREVARBILV","D","Visualizzazione Variazioni di Bilancio","SYSTEM","SYSTEM","1"
"PRVVARBILTABRCAUVBIM","C","ModificaCausale Variazioni di Bilancio","SYSTEM","SYSTEM","1"
"PRVVARBILTABRCAUVBIV","D","Visualizzazione Causali delle Variazioni di Bilancio","SYSTEM","SYSTEM","1"
"CFGANAGCFCOREAMMICFM","A","Gestione anagrafica clienti fornitori","SYSTEM","SYSTEM","1"
"AMMFATTURTABRCPAM","C","Modifica codici cpa","SYSTEM","SYSTEM","1"
"CFGANAGCFCOREAMMICFV","A","Visualizzazione anagrafica clienti fornitori (solo amministratore)","SYSTEM","SYSTEM","1"
"AMMCOEPCNCORESCRLIBM","C","Modifica scrittura in partita doppia","SYSTEM","SYSTEM","1"
"AMMCOEPCNCORESCRLIBV","D","Visualizzazione scrittura in partita doppia","SYSTEM","SYSTEM","1"
"AMMCOEPCNCOREMOVCOGV","D","Visualizzazione movimenti (coep) contabilit? econ.patrimoniale","SYSTEM","SYSTEM","1"
"AMMINVENTTABRIDINVEV","D","Visualizzazione ID Inventario","SYSTEM","SYSTEM","1"
"AMMINVENTTABRIDINVEM","C","Gestione ID Inventario","SYSTEM","SYSTEM","1"
"AMMMISSIOTABRTIPASTM","C","Gestione Tipo Pasti","SYSTEM","SYSTEM","1"
"AMMMISSIOTABRTIPASTV","D","Visualizzazione Tipo Pasti","SYSTEM","SYSTEM","1"
"AMMINVENTCORECARINVM","D","Gestione carico inventario","SYSTEM","SYSTEM","1"
"AMMINVENTCORECARINVV","D","Visualizzazione carico inventario","SYSTEM","SYSTEM","1"
"AMMINVENTCORESCAINVM","D","Gestione scarico inventario","SYSTEM","SYSTEM","1"
"AMMINVENTCORESCAINVV","D","Visualizzazione scarico inventario","SYSTEM","SYSTEM","1"
"AMMMISSIOTABRDIARIAM","C","Gestione Diaria","SYSTEM","SYSTEM","1"
"AMMMISSIOTABRDIARIAV","D","Visualizzazione Diaria","SYSTEM","SYSTEM","1"
"AMMCOMPENTABRTICONTM","C","Gestione Tipo Contributo","SYSTEM","SYSTEM","1"
"AMMCOMPENTABRSCAGLIM","C","Gestione Scaglione","SYSTEM","SYSTEM","1"
"AMMCOMPENTABRSCAGLIV","D","Visualizzazione Scaglione","SYSTEM","SYSTEM","1"
"AMMCOMPENTABRDETLAVM","C","Gestione Detrazioni Lavoro","SYSTEM","SYSTEM","1"
"AMMCOMPENTABRDETLAVV","D","Visualizzazione Detrazioni Lavoro","SYSTEM","SYSTEM","1"
"AMMCOMPENTABRDETFAMM","C","Gestione Detrazioni Familiari","SYSTEM","SYSTEM","1"
"AMMCOMPENTABRDETFAMV","D","Visualizzazione Detrazioni Familiari","SYSTEM","SYSTEM","1"
"AMMMISSIOTABRABBATTM","C","Gestione Abbattimenti","SYSTEM","SYSTEM","1"
"AMMMISSIOTABRABBATTV","D","Visualizzazione Abbattimenti","SYSTEM","SYSTEM","1"
"DOCMANDATTABRTIBOLLM","C","Gestione tipo bollo","SYSTEM","SYSTEM","1"
"DOCMANDATTABRTIBOLLV","D","Visualizzazione tipo bollo","SYSTEM","SYSTEM","1"
"AMMINVENTTABRINVEACV","D","Visualizzazione apertura/chiusura inventario","SYSTEM","SYSTEM","1"
"AMMINVENTTABRINVCONM","D","Gestione Consegnatario Inventario","SYSTEM","SYSTEM","1"
"AMMINVENTTABRINVCONV","D","Visualizzazione Consegnatario Inventario","SYSTEM","SYSTEM","1"
"DOCOBBLIGCOREIMPPIGM","D","Gestione annotazioni di spesa su partita giro","SYSTEM","SYSTEM","1"
"DOCOBBLIGCOREIMPPIGV","D","Visualizzazione impegni partita giro","SYSTEM","SYSTEM","1"
"DOCACCERTCOREACCPGIM","D","Gestione annotazioni di entrata su partita giro","SYSTEM","SYSTEM","1"
"DOCACCERTCOREACCPGIV","D","Visualizzazione accertamenti partita giro","SYSTEM","SYSTEM","1"
"CFGCDPCFGCOREASSEVPM","D","Gestione associazione voce del piano colonna piano di gestione per scarico costi del personale","SYSTEM","SYSTEM","1"
"CFGCDPCFGCOREASSEVPV","D","Visualizzazione associazione voce del piano colonna piano di gestione per scarico costi del personale","SYSTEM","SYSTEM","1"
"CONSDOCAMMINVIOMAN","D","Consultazione dello stato invio mandati","SYSTEM","SYSTEM","1"
"DOCREVERSCOREREVERSM","D","Gestione reversale","SYSTEM","SYSTEM","1"
"DOCREVERSCOREREVERSV","D","Visualizzazione reversale","SYSTEM","SYSTEM","1"
"DOCCONCOMPRESISTVOC","D","Consultazione Istituto - Voce del Piano","SYSTEM","SYSTEM","1"
"DOCCONCOMPRESISTCDR","D","Consultazione Istituto - CDR - GAE","SYSTEM","SYSTEM","1"
"CONSPDGGISTETR","D","Consultazione PdG Gestionale Entrate per Istituto/Area","SYSTEM","SYSTEM","1"
"CONSPDGGISTSPE","D","Consultazione PdG Gestionale Spese per Istituto/Area","SYSTEM","SYSTEM","1"
"AMMFDECONCOREFDECONM","D","Gestione fondo economale","SYSTEM","SYSTEM","1"
"AMMFDECONCOREFDECONV","D","Visualizzazione fondo economale","SYSTEM","SYSTEM","1"
"DOCOBBLIGTABRTPCONSM","C","Gestione tipo consegna","SYSTEM","SYSTEM","1"
"DOCOBBLIGTABRTPCONSV","D","Visualizzazione tipo consegna","SYSTEM","SYSTEM","1"
"DOCREVERSCOREREVPRVV","D","Reversali Provvisorie (visualizzazione)","SYSTEM","SYSTEM","1"
"AMMMISSIOCOREMISSIOM","D","Gestione Missione","SYSTEM","SYSTEM","1"
"AMMMISSIOCOREMISSIOV","D","Visualizzazione Missione","SYSTEM","SYSTEM","1"
"AMMINVENTCOREGESTBEM","D","Gestione gestione bene","SYSTEM","SYSTEM","1"
"AMMINVENTCOREGESTBEV","D","Visualizzazione gestione bene","SYSTEM","SYSTEM","1"
"AMMCOMPENCORECOMPENV","D","Visualizzazione compensi","SYSTEM","SYSTEM","1"
"AMMCOMPENCORECOMPENM","D","Gestione compensi","SYSTEM","SYSTEM","1"
"AMMFATTURDOCSNOTDBTV","D","Visualizzazione nota di debito","SYSTEM","SYSTEM","1"
"AMMFATTURDOCSNTCRDAV","D","Visualizzazione nota di credito (su fatture attive)","SYSTEM","SYSTEM","1"
"AMMFATTURDOCSNTDBTAV","D","Visualizzazione nota di debito (su fatture attive)","SYSTEM","SYSTEM","1"
"AMMCOMPENTABRASTRTTM","C","Gestione associazione Tipo Rapporto - Tipo Trattamento","SYSTEM","SYSTEM","1"
"AMMCOMPENTABRASTRTTV","D","Visualizzazione associazione Tipo Rapporto - Tipo Trattamento","SYSTEM","SYSTEM","1"
"AMMCOMPENTABRTITRATM","C","Gestione Tipo Trattamento FINE VALIDITA 2002","SYSTEM","SYSTEM","1"
"AMMCOMPENTABRTITRATV","D","Visualizzazione Tipo Trattamento","SYSTEM","SYSTEM","1"
"CNSPDGINGCOREESCVOCE","D","Stampa entrate/spese in c/competenza per voce","SYSTEM","SYSTEM","1"
"CFGGESFESCOREGESFESM","C","Gestione file esterni(CUD)","SYSTEM","SYSTEM","1"
"CFGGESFESCOREGESFESV","C","Visualizzazione file esterni(CUD)","SYSTEM","SYSTEM","1"
"RIPGESRIPCOREANNMASM","C","Gestione annullamento massivo riporti","SYSTEM","SYSTEM","1"
"AMMCOEPCNCOREMASCOGV","D","Visualizzazione mastri (coep) contabilit? econ.patrimoniale","SYSTEM","SYSTEM","1"
"AMMCOEPCNASSCASSANCM","C","Modifica associazione anagrafica conto","SYSTEM","SYSTEM","1"
"AMMCOEPCNASSCASSANCV","D","Visualizzazione associazione anagrafica conto","SYSTEM","SYSTEM","1"
"DOCINTCASCOREDISCASM","D","Modifica distinta cassiere","SYSTEM","SYSTEM","1"
"DOCINTCASCOREDISCASV","D","Visualizzazione distinta cassiere","SYSTEM","SYSTEM","1"
"DOCINTCASCOREINVCASM","D","Invio distinta a cassiere ","SYSTEM","SYSTEM","1"
"AMMFATTURTABRNATTRAV","D","Visualizzazione natura transazione","SYSTEM","SYSTEM","1"
"AMMFATTURTABRNOMCOMV","D","Visualizzazione nomenclatura combinata","SYSTEM","SYSTEM","1"
"AMMFATTURTABRNATTRAM","C","Modifica natura transazione","SYSTEM","SYSTEM","1"
"AMMFATTURTABRNOMCOMM","C","Modifica nomenclatura combinata","SYSTEM","SYSTEM","1"
"AMMFATTURTABRMODTRAM","C","Modifica modalita trasporto","SYSTEM","SYSTEM","1"
"AMMFATTURTABRMODTRAV","D","Visualizzazione modalita trasporto","SYSTEM","SYSTEM","1"
"AMMFATTURTABRCNDCONV","D","Visualizzazione condizione consegna","SYSTEM","SYSTEM","1"
"AMMFATTURTABRCNDCONM","C","Modifica condizione consegna","SYSTEM","SYSTEM","1"
"AMMCOANCPCOREMASCOGV","D","Visualizzazione mastri (coan) contabilit? econ.patrimoniale","SYSTEM","SYSTEM","1"
"AMMCOANCPCOREMOVCOGV","D","Visualizzazione movimenti (coan) contabilit? econ.patrimoniale","SYSTEM","SYSTEM","1"
"AMMCOANCPCORESCRANAM","C","Modifica scrittura analitica","SYSTEM","SYSTEM","1"
"AMMCOANCPCORESCRANAV","D","Visualizzazione scrittura analitica","SYSTEM","SYSTEM","1"
"AMMMISSIOCOREANTICIM","D","Gestione Anticipo","SYSTEM","SYSTEM","1"
"AMMMISSIOCOREANTICIV","D","Visualizzazione Anticipo","SYSTEM","SYSTEM","1"
"DOCMANDATCOREREGOLAM","D","Gestione mandato regolarizzazione","SYSTEM","SYSTEM","1"
"DOCMANDATCOREREGOLAV","D","Visualizzazione mandato regolarizzazione","SYSTEM","SYSTEM","1"
"AMMCOMPENCORELICORIM","C","Gestione liquidazione CORI","SYSTEM","SYSTEM","1"
"AMMCOMPENCORELICORIV","D","Visualizzazione liquidazione CORI","SYSTEM","SYSTEM","1"
"DOCINTCASCORESOSRISM","C","Modifica Sospesi/Riscontri","SYSTEM","SYSTEM","1"
"DOCINTCASCORESOSRISV","D","Visualizzazione Sospesi/Riscontri","SYSTEM","SYSTEM","1"
"DOCINTCASCORESOSCNRM","C","Modifica Sospesi d'entrata Ente","SYSTEM","SYSTEM","1"
"AMMDOCPRODOCSDOCPROV","D","Visualizzazione documenti protocollabili","SYSTEM","SYSTEM","1"
"AMMDOCPRODOCSDOCPROM","D","Gestione documenti protocollabili","SYSTEM","SYSTEM","1"
"AMMREGIVACORESTPRRGM","D","Stampa provvisoria registri IVA","SYSTEM","SYSTEM","1"
"AMMREGIVACORESTDFRGM","D","Stampa definitiva registri IVA","SYSTEM","SYSTEM","1"
"PRVPDGESTCORESTSTPGV","NULL","Stampa stato PdG  FINE VALIDITA 2002","SYSTEM","SYSTEM","1"
"AMMMINCARCOREMINCARM","D","Gestione Minicarriera","SYSTEM","SYSTEM","1"
"AMMMINCARCOREMINCARV","D","Visualizzazione Minicarriera","SYSTEM","SYSTEM","1"
"AMMRIEIVACORERIEPRVM","C","Riepilogativi provvisori IVA","SYSTEM","SYSTEM","1"
"AMMRIEIVACORERIEDFNM","C","Riepilogativi definitivi IVA","SYSTEM","SYSTEM","1"
"AMMLIQIVACORELIQDEFM","C","Liquidazione definitiva IVA","SYSTEM","SYSTEM","1"
"AMMLIQIVACORELIQPRVM","D","Liquidazione provvisoria IVA","SYSTEM","SYSTEM","1"
"CFGPRINTCCORERECODAM","D","Coda di stampa","SYSTEM","SYSTEM","1"
"AMMGESREGCOREGESREGM","C","Gestione registri IVA","SYSTEM","SYSTEM","1"
"AMMCONGUACORECONGUAM","D","Gestione Conguaglio","SYSTEM","SYSTEM","1"
"AMMCONGUACORECONGUAV","D","Visualizzazione Conguaglio","SYSTEM","SYSTEM","1"
"CFGANAGCFCOREATERCFM","D","Gestione terzo persona fisica/giuridica","SYSTEM","SYSTEM","1"
"CFGANAGCFCOREATERCFV","D","Visualizzazione terzo persona fisica/giuridica","SYSTEM","SYSTEM","1"
"AMMRIEIVACORERIESDFM","C","Riepilogativi IVA esigibilit? differita","SYSTEM","SYSTEM","1"
"CFGGESMSGCOREGESMSGV","C","Visualizzazione messaggi","SYSTEM","SYSTEM","1"
"CFGGESMSGCOREGESMSGM","C","Gestione messaggi","SYSTEM","SYSTEM","1"
"PRVPDGESTCORESTDCPGV"," ","Stampa documento piani di gestione - eliminato 06/03/2006 richiesta FASSONE","SYSTEM","SYSTEM","1"
"PRVPDGINGCORERIPCSTM","D","Gestione ripartizione costi personale MENSILI","SYSTEM","SYSTEM","1"
"PRVPDGINGCORERIPCSTV","D","Visualizzazione ripartizione costi personale  MENSILI","SYSTEM","SYSTEM","1"
"PRVPDGINGCORECSTDIPM","C","Gestione costi del personale MENSILI","SYSTEM","SYSTEM","1"
"PRVPDGINGCORECSTDIPV","C","Visualizzazione costi del personale MENSILI","SYSTEM","SYSTEM","1"
"PRVBIPREVCORERESPREM","C","Gestione residui presunti","SYSTEM","SYSTEM","1"
"PRVBIPREVCORERESPREV","C","Visualizzazione residui presunti","SYSTEM","SYSTEM","1"
"DOCSTIPENCORELIQUIDM","C","Gestione liquidazione stipendi mensili","SYSTEM","SYSTEM","1"
"DOCSTIPENCORELIQUIDV","C","Visualizzazione liquidazione stipendi mensili","SYSTEM","SYSTEM","1"
"CFGANAGCFTABRABICABM","D","Gestione ABI/CAB","SYSTEM","SYSTEM","1"
"CFGANAGCFTABRABICABV","D","Visualizzazione ABI/CAB","SYSTEM","SYSTEM","1"
"CFGANAGCFTABRTERNAZM","D","Gestione nazione","SYSTEM","SYSTEM","1"
"CFGANAGCFTABRTERNAZV","D","Visualizzazione nazione","SYSTEM","SYSTEM","1"
"CFGANAGCFTABRTERCOMM","D","Gestione comune","SYSTEM","SYSTEM","1"
"CFGANAGCFTABRTERCOMV","D","Visualizzazione comune","SYSTEM","SYSTEM","1"
"CFGANAGCFTABRTERCAPV","D","Visualizzazione CAP","SYSTEM","SYSTEM","1"
"CFGANAGCFTABRTERCAPM","D","Gestione CAP","SYSTEM","SYSTEM","1"
"CFGANAGCFCOREDELBANM","C","Elimina banca logicamente","SYSTEM","SYSTEM","1"
"DOCMANDATCOREMANREVV","D","Visualizzazione associazione mandato/reversali","SYSTEM","SYSTEM","1"
"DOCMANDATCOREMANREVM","D","Gestione associazione mandato/reversali","SYSTEM","SYSTEM","1"
"AMMRISTAMDOCSRISTAMM","D","Stampa gestione ristampe","SYSTEM","SYSTEM","1"
"AMMRIEIVACORERIEENTM","C","Riepilogativi IVA ente","SYSTEM","SYSTEM","1"
"DOCACCERTCOREACCRESM","D","Gestione accertamenti residui","SYSTEM","SYSTEM","1"
"DOCACCERTCOREACCRESV","D","Visualizzazione accertamenti residui","SYSTEM","SYSTEM","1"
"AMMMISSIOTABRTIPMISM","C","Gestione Tipo Missione","SYSTEM","SYSTEM","1"
"AMMMISSIOTABRTIPMISV","D","Visualizzazione Tipo Missione","SYSTEM","SYSTEM","1"
"CFGPDCFINCORESTMSPEM","D","Stampa PdC Fin Spese","SYSTEM","SYSTEM","1"
"CFGPDCFINCORESTMENTM","D","Stampa PdC Fin Entrate","SYSTEM","SYSTEM","1"
"CFGPDCECPCORESTMECOM","D","Stampa PdC Economico","SYSTEM","SYSTEM","1"
"DOCMANDATCORESTMMANM","D","Stampa giornale mandati ","SYSTEM","SYSTEM","1"
"AMMMINCARCORELIQUMCM","C","Liquidazione Rate Minicarriera","SYSTEM","SYSTEM","1"
"DOCOBBLIGCOREANNTROM","C","Gestione annotazioni di spesa su partita giro tronca","SYSTEM","SYSTEM","1"
"DOCOBBLIGCOREANNTROV","D","Visualizzazione annotazioni di spesa su partita giro tronca","SYSTEM","SYSTEM","1"
"DOCACCERTCOREANNTROM","C","Gestione annotazioni di entrata su partita giro tronca","SYSTEM","SYSTEM","1"
"DOCACCERTCOREANNTROV","D","Visualizzazione annotazioni di entrata su partita giro tronca","SYSTEM","SYSTEM","1"
"AMMRIEENTCOREPRVENTM","C","Gestione riepilogativi provvisori IVA ente","SYSTEM","SYSTEM","1"
"AMMRIEENTCOREDEFENTM","C","Gestione riepilogativi definitivi IVA ente","SYSTEM","SYSTEM","1"
"DOCOBBLIGCORESTROBBM","D","Stampa registro impegni","SYSTEM","SYSTEM","1"
"DOCOBBLIGCORESTSCADM","D","Stampa scadenzario impegni","SYSTEM","SYSTEM","1"
"AMMLIQIVACORELIQMASM","C","Liquidazione massiva IVA","SYSTEM","SYSTEM","1"
"AMMRIEIVACOREESDIFPM","D","Riepilogativi IVA esigibilit? differita provvisori","SYSTEM","SYSTEM","1"
"AMMRIEIVACOREESDIFDM","D","Riepilogativi IVA esigibilit? differita definitivi","SYSTEM","SYSTEM","1"
"DOCMANDATCORESTMASMM","D","Stampa massiva mandati","SYSTEM","SYSTEM","1"
"DOCMANDATCORESTMASRM","D","Stampa massiva reversali","SYSTEM","SYSTEM","1"
"AMMMISSIOCORESTVPGMM","D","Stampa massiva missione","SYSTEM","SYSTEM","1"
"AMMFDECONCORESTVPGFM","D","Stampa fondo economale","SYSTEM","SYSTEM","1"
"AMMDOCGENDOCSSTVPGGM","D","Stampa documenti generici","SYSTEM","SYSTEM","1"
"AMMMINCARCORESTPCOMM","D","Stampa partitario compensi","SYSTEM","SYSTEM","1"
"DOCINTCASCORESOSCDSV","D","Visualizza Sospesi d'entrata Ente per CdS","SYSTEM","SYSTEM","1"
"DOCMANDATCORESAVPAGM","D","Stampa avviso pagamento mandato","SYSTEM","SYSTEM","1"
"AMMLIQIVACORECHIMENM","D","Chiusura mensile IVA","SYSTEM","SYSTEM","1"
"DOCREVERSCORESTGREVM","D","Stampa giornali reversali","SYSTEM","SYSTEM","1"
"DOCACCERTCORESTRACCM","D","Stampa registro accertamenti","SYSTEM","SYSTEM","1"
"DOCACCERTCORESANCDSM","D","Stampa registro annotaz. di entrata su pgiro - CDS","SYSTEM","SYSTEM","1"
"DOCACCERTCORESANCNRM","D","Stampa registro annotaz. di entrata su pgiro - CNR","SYSTEM","SYSTEM","1"
"DOCOBBLIGCORESANCDSM","D","Stampa registro annot. di spesa su pgiro CDS","SYSTEM","SYSTEM","1"
"DOCOBBLIGCORESANCNRM","D","Stampa registro annot. di spesa su pgiro CNR","SYSTEM","SYSTEM","1"
"CNSPDGINGSITSINDGAE","D","Stampa Situazione Sintetica Disponibilt? GAE","SYSTEM","SYSTEM","1"
"DOCINTCASCORECAFILEM","C","Carica file cassiere","SYSTEM","SYSTEM","1"
"CNSPDGINGCORESSINACM","D","Stampa sit. sintet. LdA - Sp. anno corr. FINE VALIDITA 2005","SYSTEM","SYSTEM","1"
"CNSPDGINGCORESANAACM","D","Stampa situazione analit. per GAE - Sp. anno corr. FINE VALIDITA 2005","SYSTEM","SYSTEM","1"
"DOCMANDATCORESTPAGEM","D","Stampa elenco pagamenti estero","SYSTEM","SYSTEM","1"
"DOCOBBLIGCORESTMORDM","D","Stampa ordine","SYSTEM","SYSTEM","1"
"CFGANAGCFCORESIMDIPM","NULL","Stampa imponibili dipendenti","SYSTEM","SYSTEM","1"
"DOCACCERTCORESTSCADM","D","Stampa scadenzario accertamenti","SYSTEM","SYSTEM","1"
"CFGANAGCFCORESPRDIPM","D","Stampa iscrizione previdenziale dipendenti","SYSTEM","SYSTEM","1"
"PRVVARSTANZSTAMP","D","Stampa Variazioni Stanziamento Residuo","SYSTEM","SYSTEM","1"
"CFGANAGCFTABRMODPAGV","D","Visualizzazione tipi di modalita di pagamento","SYSTEM","SYSTEM","1"
"CFGANAGCFTABRTERPAGV","D","Visualizzazione tipi di termini di pagamento","SYSTEM","SYSTEM","1"
"CFGANAGCFTABRTIPRAPV","D","Visualizzazione tipi di rapporto","SYSTEM","SYSTEM","1"
"CFGANAGCFTABRCLANAGV","D","Visualizzazione classificazione anagrafica","SYSTEM","SYSTEM","1"
"CFGANAGCFTABRCOMESTV","D","Visualizzazione comune estero","SYSTEM","SYSTEM","1"
"XXXRESINFCORERESINFX","NULL","Reset bulk infos -> SOLO PER SVILUPPO","SYSTEM","SYSTEM","1"
"CFGINCARICHIATTINCM","C","Gestione Associazione Incarico Attivita'","SYSTEM","SYSTEM","1"
"CFGINCARICHIATTINCV","C","Visualizzazione Associazione Incarico Attivita'","SYSTEM","SYSTEM","1"
"CFGINCARICHIREPLIMM","C","Gestione Repertorio Limiti","SYSTEM","SYSTEM","1"
"CFGINCARICHIREPLIMV","C","Visualizzazione Repertorio Limiti","SYSTEM","SYSTEM","1"
"CFGINCARICHIINCRICM","D","Gestione Verifica Professionalita' Interne","SYSTEM","SYSTEM","1"
"CFGINCARICHIINCRICV","D","Visualizzazione Verifica Professionalita' Interne","SYSTEM","SYSTEM","1"
"CFGINCARICHIINCREPM","D","Gestione Incarichi","SYSTEM","SYSTEM","1"
"CFGINCARICHIINCREPV","D","Visualizzazione Incarichi","SYSTEM","SYSTEM","1"
"CFGINCARICHITEMAATTM","NULL","Gestione Tematica Attivita'","SYSTEM","SYSTEM","1"
"CFGINCARICHITEMAATTV","NULL","Visualizzazione Tematica Attivita'","SYSTEM","SYSTEM","1"
"XXXHTTPSESSIONXXXXXX","NULL","Sessioni HTTP su SIGLA","SYSTEM","SYSTEM","1"
"AMMFATTURINTRAM","C","Riepilogativi Intrastat","SYSTEM","SYSTEM","1"
"AMMFATTURINTRA12M","C","Riepilogativi Intra 12","SYSTEM","SYSTEM","1"
"AMMFATTURINTRAV","C","Visualizzazione riepilogativi Intrastat","SYSTEM","SYSTEM","1"
"AMMFATTURINTRA12V","C","Visualizzazione riepilogativi Intra 12","SYSTEM","SYSTEM","1"
"DOCCONREVRICREV","D","Consultazione Reversali ","SYSTEM","SYSTEM","1"
"SIGLADWHSTAMPE","C","Stampa Confronto SIGLA - DWH","SYSTEM","SYSTEM","1"
"DOCMANDATTABRCUPM","D","Gestione Codici CUP","SYSTEM","SYSTEM","1"
"DOCMANDATTABRCUPV","D","Visualizzazione Codici CUP","SYSTEM","SYSTEM","1"
"CFGUTENZEUADMINGESTV","S","Visualizzazzione associazione utente - gestore","SYSTEM","SYSTEM","1"
"PRVCSTDIPPDGRIPCSTV","D","Visualizzazione Ripartizione Costi del personale FINE VALIDITA 2005","SYSTEM","SYSTEM","1"
"PRVCSTDIPPDGRIPCSTM","D","Gestione Ripartizione Costi del personale FINE VALIDITA 2005","SYSTEM","SYSTEM","1"
"PRVCSTDIPPDGCSTDIPM","C","Gestione costi del personale FINE VALIDITA 2005","SYSTEM","SYSTEM","1"
"PRVCSTDIPPDGCSTDIPV","C","Visualizzione costi personale FINE VALIDITA 2005","SYSTEM","SYSTEM","1"
"CFGUTENZEUADMINGESTM","S","Gestione associazione utente - gestore","SYSTEM","SYSTEM","1"
"CFGPARAMETRICDSM","C","Gestione Parametri CDS","SYSTEM","SYSTEM","1"
"CFGPARAMETRICDSV","C","Visualizzazione Parametri CDS","SYSTEM","SYSTEM","1"
"CFGPROGERCOREPROGERV","D","Visualizzazione Area Progettuale","SYSTEM","SYSTEM","1"
"DOCCONCOMPRESVOCNAT","D","Consultazione Voce del Piano - Natura FINE VALIDITA 2005","SYSTEM","SYSTEM","1"
"CFGPDCFINASSCPF0060M","C","Gestione Associazione Tipologia Istat-Codici Siope","SYSTEM","SYSTEM","1"
"CFGPDCFINASSCPF0060V","D","Visualizzazione Associazione Tipologia Istat-Codici Siope","SYSTEM","SYSTEM","1"
"CFGINCARICHIINCPRCM","D","Gestione Procedura Conferimento Incarichi","SYSTEM","SYSTEM","1"
"CFGPROGERCOREPROSTSM","C","Stampa Progetti per Dipartimento/Istituto FINE VALIDITA 2005","SYSTEM","SYSTEM","1"
"CFGPROGERCOREPROSTAN","C","Stampa Anagrafica Progetti","SYSTEM","SYSTEM","1"
"CFGPDCFINRICLASSENTM","C","Gestione Classificazione Entrate","SYSTEM","SYSTEM","1"
"CFGPDCFINRICLASSENTV","D","Visualizzazione Classificazione Entrate","SYSTEM","SYSTEM","1"
"CFGPDCFINRICLASSSPEM","C","Gestione Classificazione Spese","SYSTEM","SYSTEM","1"
"CFGPDCFINRICLASSSPEV","D","Visualizzazione Classificazione Spese","SYSTEM","SYSTEM","1"
"CFGPROGERCOREPROGERS","D","Visualizzazione Progetto","SYSTEM","SYSTEM","1"
"CFGESTPARAMENTECOMUM","S","Gestione Parametri Ente","SYSTEM","SYSTEM","1"
"CFGINCARICHIINCPRCV","D","Visualizzazione Procedura Conferimento Incarichi","SYSTEM","SYSTEM","1"
"CFGSTRORGCOREDIPARTV","C","Visualizzazione Dipartimento","SYSTEM","SYSTEM","1"
"PRVPDGESTVARSTAMPR","C","Stampa Variazioni PdG Riepilogo FINE VALIDITA 2005","SYSTEM","SYSTEM","1"
"INCARICHIESTRAZFP","C","Estrazione Incarichi FP","SYSTEM","SYSTEM","1"
"CONSESTRINCARICHI","C","Consultazione Elenco Incarichi per Estrazione XML","SYSTEM","SYSTEM","1"
"ESTRINCARELENCOFP","C","Estrazione XML Elenco Incarichi per FP","SYSTEM","SYSTEM","1"
"CFGFILEEXCELLOBM","C","Gestione File Excel","SYSTEM","SYSTEM","1"
"CFGFILEEXCELLOBV","C","Visualizzazione File Excel","SYSTEM","SYSTEM","1"
"PRVNPDGDSCOSSPESV","D","Visualizzazione dettaglio costi/spese (PdGP)","SYSTEM","SYSTEM","1"
"PRVNPDGDSCOSSPESM","D","Gestione dettaglio costi/spese (PdGP)","SYSTEM","SYSTEM","1"
"PRVNPDGENTRM","D","Gestione dettaglio entrate piano di gestione (PdGP)","SYSTEM","SYSTEM","1"
"PRVNPDGENTRV","D","Visualizzazione dettaglio entrate piano di gestione (PdGP)","SYSTEM","SYSTEM","1"
"CFGCONTRATTOSTAMPM","D","Stampa Elenco Contratti","SYSTEM","SYSTEM","1"
"PRVNPDGESTSTATOCDRV","D","Visualizzazione Stato CdR - PdGP ","SYSTEM","SYSTEM","1"
"PRVNPDGESTSTATOCDRM","D","Gestione Stato CdR - PdGP ","SYSTEM","SYSTEM","1"
"CFGPDCFINPARLIVELLIM","C","Gestione dei Parametri Livelli","SYSTEM","SYSTEM","1"
"CFGPDCFINPARLIVELLIV","C","Visualizzazione dei Parametri Livelli","SYSTEM","SYSTEM","1"
"CONSULTLIQUIDCORIMAN","C","Consultazione Liquidazioni CORI non effettuate","SYSTEM","SYSTEM","1"
"PRVPDGPIANORIPARTOM","C","Gestione del Piano di Riparto delle Spese Accentrate","SYSTEM","SYSTEM","1"
"PRVPDGPIANORIPARTOV","C","Visualizzazione del Piano di Riparto delle Spese Accentrate","SYSTEM","SYSTEM","1"
"DOCCONCOMPRESDIPIST","C","Consultazione Dipartimento - Istituto","SYSTEM","SYSTEM","1"
"PRVNPDGCONTRSPEV","C","Visualizzazione dettaglio contrattazione spese","SYSTEM","SYSTEM","1"
"PRVNPDGCONTRSPEM","C","Gestione dettaglio contrattazione spese","SYSTEM","SYSTEM","1"
"PRVSTMPREFINDEC","C","Stampa Preventivo Finanziario Decisionale","SYSTEM","SYSTEM","1"
"CONSGAERESSPE","D","Consultazione GAE Residui Spese","SYSTEM","SYSTEM","1"
"CONSGAERESETR","D","Consultazione GAE Residui Entrate","SYSTEM","SYSTEM","1"
"AMMCONSFECOFONDO","C","Consultazione Fondo Economale","SYSTEM","SYSTEM","1"
"AMMCOMPENCORIF24EPM","C","Estrazione F24EP","SYSTEM","SYSTEM","1"
"AMMFATTURINTRAINVV","D","Visualizzazione Intrastat Inviati","SYSTEM","SYSTEM","1"
"CONSLIMITISPE","D","Consultazione Limiti Spesa","SYSTEM","SYSTEM","1"
"CFGPROGERCOREPROGERC","D","Modulo di Attivit?/GAE","SYSTEM","SYSTEM","1"
"DOCOBBLIGCONSSCADOBB","D","Consultazione Scadenzario Impegni","SYSTEM","SYSTEM","1"
"XXXSTAMPAATTIVITAXXX","NULL","Stampa Attivit? Sigla","SYSTEM","SYSTEM","1"
"CFGBLTACCORDIM","NULL","Gestione Accordi Bilaterali","SYSTEM","SYSTEM","1"
"DOCINTCASCOREDISCASF","C","Flusso distinta cassiere","SYSTEM","SYSTEM","1"
"CNSPDGINGURESESVOC","D","Stampa uscite in c/residui per esercizio voce","SYSTEM","SYSTEM","1"
"CFGINCARASSBORSV","D","Consultazione Incarichi,Assegni,Borse di Studio","SYSTEM","SYSTEM","1"
"AMMFATTURDOCELEPASSV","D","Visualizzazione Fatturazione Elettronica Passiva","SYSTEM","SYSTEM","1"
"CFGPDCFINCOREVOCETRM","C","Gestione Voce di Entrata","SYSTEM","SYSTEM","1"
"CFGPDCFINCOREVOCETRV","D","Visualizzazione Voce di Entrata","SYSTEM","SYSTEM","1"
"CFGPDCFINCOREVOCSPEM","C","Gestione Voce di Spesa","SYSTEM","SYSTEM","1"
"CFGPDCFINCOREVOCSPEV","D","Visualizzazione Voce di Spesa","SYSTEM","SYSTEM","1"
"CFGLINATTTABPROGRAM","D","Gestione Programmi Pdg","SYSTEM","SYSTEM","1"
"CFGLINATTTABPROGRAV","D","Visualizzazione Programmi Pdg","SYSTEM","SYSTEM","1"
"CFGLINATTTABMISSIOM","D","Gestione Missioni Pdg","SYSTEM","SYSTEM","1"
"CFGLINATTTABMISSIOV","D","Visualizzazione Missioni Pdg","SYSTEM","SYSTEM","1"
"DOCINTCASFIRMAMANRE","D","Firma digitale Mandati/Reversali","SYSTEM","SYSTEM","1"
"DOCINTCASFIRMAD1210","D","Firma digitale Documenti 1210","SYSTEM","SYSTEM","1"
"CFGGESTUTENZEFIRMM","C","Gestione Utenti firmatari","SYSTEM","SYSTEM","1"
"CFGGESTUTENZEFIRMV","C","Visualizzazione Utenti firmatari","SYSTEM","SYSTEM","1"
"DOCINTCAS1210DISCASM","C","Gestione Distinta 1210","SYSTEM","SYSTEM","1"
"DOCINTCAS1210DISCASV","C","Visualizzazione Distinta 1210","SYSTEM","SYSTEM","1"
"AMMRIEPCOMPV","C","Consultazione Riepilogo Compensi","SYSTEM","SYSTEM","1"
"CONSFATTPASSBREREST","D","Servizio REST per la consultazione delle fatture passive","SYSTEM","SYSTEM","1"
"CONSFATTATTBREREST","D","Servizio REST per la consultazione delle fatture attive","SYSTEM","SYSTEM","1"
"CONSFATTPASSBREVREST","D","Servizio REST per la consultazione delle righe di fatture attive per Brevetti","SYSTEM","SYSTEM","1"
"CONSFATTATTBREVREST","D","Servizio REST per la consultazione delle righe di fatture attive per Brevetti","SYSTEM","SYSTEM","1"
"PRVPDGSTPBILANCIO","D","Stampa Bilancio","SYSTEM","SYSTEM","1"
"CONSDIVISAREST","D","Servizio REST per le divise","SYSTEM","SYSTEM","1"
"CONSMODPAGAMENTOREST","D","Servizio REST per le modalit? di pagamento","SYSTEM","SYSTEM","1"
"CONSBANCAREST","D","Servizio REST per le informazioni banca","SYSTEM","SYSTEM","1"
"CONSMISTIPOSPESAREST","D","Servizio REST per i tipi di spesa delle missioni","SYSTEM","SYSTEM","1"
"CONSMISTIPOPASTOREST","D","Servizio REST per i tipi pasto delle missioni","SYSTEM","SYSTEM","1"
"CONSMANDATOREVREST","D","Servizio REST per i mandati e le reversali","SYSTEM","SYSTEM","1"
"CONSMISRIMBKMREST","D","Servizio REST per il rimborso km delle spese di missione","SYSTEM","SYSTEM","1"
"MAGTABRGRPMERCM","C","Gestione Gruppi Merceologici","SYSTEM","SYSTEM","1"
"MAGTABRGRPMERCV","C","Visualizzazione Gruppi Merceologici","SYSTEM","SYSTEM","1"
"MAGTABRUNIMISM","C","Gestione Unit? di misura","SYSTEM","SYSTEM","1"
"MAGTABRUNIMISV","C","Visualizzazione Unit? di misura","SYSTEM","SYSTEM","1"
"MAGTABRUNIMCOEFFMAGM","D","Unit? di misura coeff. conversione","SYSTEM","SYSTEM","1"
"MAGTABRUNIMCOEFFMAGV","D","Visualizzazione Unit? di misura coeff. conversione","SYSTEM","SYSTEM","1"
"MAGTABRTIPOARTM","C","Gestione Tipo Articolo","SYSTEM","SYSTEM","1"
"MAGTABRTIPOARTV","C","Visualizzazione Tipo Articolo","SYSTEM","SYSTEM","1"
"ORDTABRUOPM","C","Gestione Unit? Operativa","SYSTEM","SYSTEM","1"
"ORDTABRUOPV","C","Visualizzazione Unit? Operativa","SYSTEM","SYSTEM","1"
"ORDTABRUOPASSM","C","Gestione Associazione Unit? Operativa","SYSTEM","SYSTEM","1"
"ORDTABRUOPASSV","C","Visualizzazione Associazione Unit? Operativa","SYSTEM","SYSTEM","1"
"MAGTABRRAGGRM","D","Gestione Raggruppamento Magazzino","SYSTEM","SYSTEM","1"
"MAGTABRRAGGRV","D","Visualizzazione Raggruppamento Magazzino","SYSTEM","SYSTEM","1"
"ORDTABRTIPOPM","C","Gestione Tipo Operazione","SYSTEM","SYSTEM","1"
"ORDTABRTIPOPV","C","Visualizzazione Tipo Operazione","SYSTEM","SYSTEM","1"
"MAGTABRTIPOMOVM","D","Gestione Tipi Movimento Magazzino","SYSTEM","SYSTEM","1"
"MAGTABRTIPOMOVV","D","Visualizzazione Tipi Movimento Magazzino","SYSTEM","SYSTEM","1"
"MAGTABRTIPOMOVAZIONM","D","Gestione Azioni Tipi Movimento Magazzino","SYSTEM","SYSTEM","1"
"MAGTABRTIPOMOVAZIONV","D","Visualizzazione Azioni Tipi Movimento Magazzino","SYSTEM","SYSTEM","1"
"MAGTABRLUOGOCONSM","D","Gestione Luogo Consegna Magazzino","SYSTEM","SYSTEM","1"
"MAGTABRLUOGOCONSV","D","Visualizzazione Luogo Consegna Magazzino","SYSTEM","SYSTEM","1"
"ORDTABRCAUSSPESAM","D","Gestione Causale Spesa Ordini","SYSTEM","SYSTEM","1"
"ORDTABRCAUSSPESAV","D","Visualizzazione Causale Spesa Ordini","SYSTEM","SYSTEM","1"
"ORDTABRNOTAPRECM","D","Gestione nota precodificata Ordini","SYSTEM","SYSTEM","1"
"ORDTABRNOTAPRECV","D","Visualizzazione nota precodificata Ordini","SYSTEM","SYSTEM","1"
"ORDTABRCAUSAANNM","D","Gestione Causale Annullamento Ordini","SYSTEM","SYSTEM","1"
"ORDTABRCAUSAANNV","D","Visualizzazione Causale Annullamento Ordini","SYSTEM","SYSTEM","1"
"MAGTABRMAGAZZINOM","D","Gestione Magazzino","SYSTEM","SYSTEM","1"
"MAGTABRMAGAZZINOV","D","Visualizzazione Magazzino","SYSTEM","SYSTEM","1"
"MAGTABRMAGABIBENSERM","D","Abilitazione Bene Servizio Magazzino","SYSTEM","SYSTEM","1"
"CNSPDGINGCOREETRRES","D","Stampa entrate in c/residui","SYSTEM","SYSTEM","1"
"CNSPDGINGCOREDETRES","D","Stampa Dettaglio impegni in c/residui","SYSTEM","SYSTEM","1"
"CNSPDGINGCOREUSCRES","D","Stampa uscite in c/residui","SYSTEM","SYSTEM","1"
"PRVVARSTANZRESIDM","D","Gestione variazioni allo stanziamento residuo","SYSTEM","SYSTEM","1"
"PRVVARSTANZRESIDV","D","Visualizzazione variazioni allo stanziamento residuo","SYSTEM","SYSTEM","1"
"AMMCOMPENTABRSCAGLIU","C","Caricamento Addizionali Comunali","SYSTEM","SYSTEM","1"
"CFGSIOPEM","C","Gestione Codici Siope","SYSTEM","SYSTEM","1"
"CFGSIOPEV","D","Visualizzazione Codici Siope","SYSTEM","SYSTEM","1"
"CFGANAGCFTABRISTATM","C","Gestione Codici Istat","SYSTEM","SYSTEM","1"
"CFGANAGCFTABRISTATV","D","Visualizzazione Codici Istat","SYSTEM","SYSTEM","1"
"CFGPDCFINASSCPF0050M","C","Gestione Associazione Elemento Voce-Codici Siope","SYSTEM","SYSTEM","1"
"CFGPDCFINASSCPF0050V","D","Visualizzazione Associazione Elemento Voce-Codici Siope","SYSTEM","SYSTEM","1"
"RIESIOMAN","C","Consultazione Riepilogo Codici Siope su Mandati","SYSTEM","SYSTEM","1"
"RIESIOREV","C","Consultazione Riepilogo Codici Siope su Reversali","SYSTEM","SYSTEM","1"
"CONSULTACCONTOADDCOM","C","Consultazione Acconto Addizionale Comunale","SYSTEM","SYSTEM","1"
"CONSGAECOMRESSINT","D","Consultazione Situazione sintetica Rendicontazione GAE","SYSTEM","SYSTEM","1"
"AMMFATTURBLACKV","C","Visualizzazione Riepilogativi BlackList","SYSTEM","SYSTEM","1"
"AMMFATTURBLACKM","C","Riepilogativi BlackList","SYSTEM","SYSTEM","1"
"AMMCOMPENESTRELA770M","C","Estrazione 770","SYSTEM","SYSTEM","1"
"PRVRICOSRESV","D","Visualizzazione Ricostruzione residui FINE VALIDITA 2005","SYSTEM","SYSTEM","1"
"PRVRICOSRESM","D","Gestione Ricostruzione residui FINE VALIDITA 2005","SYSTEM","SYSTEM","1"
"DOCCONVAROBBPRO","D","Variazioni agli impegni residui propri","SYSTEM","SYSTEM","1"
"DOCCONVAROBBPROV","D","Variazioni agli impegni residui propri - Visualizzazione","SYSTEM","SYSTEM","1"
"CONSASSCOMPDT","C","Consultazione Assestato Competenza alla Data","SYSTEM","SYSTEM","1"
"DOCCONVARACRPRO","C","Variazioni agli accertamenti propri","SYSTEM","SYSTEM","1"
"DOCCONVARACRPROV","C","Variazioni agli accertamenti propri - Visualizzazione","SYSTEM","SYSTEM","1"
"DOCCONCOMPRESVOCENT","D","Consultazione Istituto - Voce del Piano - Entrate","SYSTEM","SYSTEM","1"
"DOCCONCOMPRESCDRENT","D","Consultazione Istituto - CDR - GAE - Entrate","SYSTEM","SYSTEM","1"
"DOCSTIPENDISTRALCIOM","C","Gestione Stralcio mensile","SYSTEM","SYSTEM","1"
"PRVFIRMAVARIAZIONET","C","TEST Firma digitale Stampe Variazioni","SYSTEM","SYSTEM","1"
"CFGLOGREGCORELOGREGV","C","Visualizzazione log storico tabella banca","SYSTEM","SYSTEM","1"
"DOCSNGCNTCORESTSNGCM","D","Stampa singolo conto","SYSTEM","SYSTEM","1"
"AMMCOMPENCORECRTPRVM","C","Stampa  certificazione a rit. previd.","SYSTEM","SYSTEM","1"
"AMMCOMPENCORECRTACCM","C","Stampa  certificazione a rit. d'acconto","SYSTEM","SYSTEM","1"
"AMMCOMPENCORECRTIMPM","C","Stampa  certificazione a titolo d'imposta","SYSTEM","SYSTEM","1"
"AMMCOMPENESTRELACUDM","C","Estrazione CUD","SYSTEM","SYSTEM","1"
"DOCINTCASCORESOSASSM","D","Stampa sospesi da assegnare","SYSTEM","SYSTEM","1"
"DOCOBBLIGCOREOBBRIPM","D","Stampa impegni riportabili","SYSTEM","SYSTEM","1"
"AMMCOMPENESTRELINPSM","D","Gestione estrazione INPS","SYSTEM","SYSTEM","1"
"AMMINVENTCORESTNOUTM","D","Stampa beni senza utilizzatori","SYSTEM","SYSTEM","1"
"CNSRNDFINCOREFINCNRM","D","Stampa rendiconto finanziario CNR","SYSTEM","SYSTEM","1"
"CNSRNDFINCORECNRCDSM","D","Stampa rendiconto finanziario CNR per CDS","SYSTEM","SYSTEM","1"
"PRVPDGINGCORESTRPCSM","D","Stampa ripartizione costi personale dal 2006","SYSTEM","SYSTEM","1"
"DOCOBBLIGCORESTOBLAM","D","Stampa impegni per GAE","SYSTEM","SYSTEM","1"
"AMMINVENTCOREREGINVM","D","Stampa registro inventario","SYSTEM","SYSTEM","1"
"AMMCOMPENCORECOMPVPM","D","Stampa compensi per voce del piano","SYSTEM","SYSTEM","1"
"AMMDOCGENDOCSGENPVPM","D","Stampa doc gen passivi x voce del piano","SYSTEM","SYSTEM","1"
"AMMFATTURDOCSFATPVPM","D","Stampa elenco fatt. x voce del piano","SYSTEM","SYSTEM","1"
"CNSBEPRCLCORESTPRCLM","C","Stampa stato patrimon. riclassif.","SYSTEM","SYSTEM","1"
"CNSBEPRCLCORECECRCLM","C","Stampa conto economico riclassif.","SYSTEM","SYSTEM","1"
"DOCINTCASCORESITCASM","D","Stampa situazione di cassa","SYSTEM","SYSTEM","1"
"AMMFATTURDOCSFATTFOM","D","Stampa elenco fatture att. per cliente","SYSTEM","SYSTEM","1"
"AMMFATTURDOCSFPASCLM","D","Stampa elenco fatture pass.  per forn.","SYSTEM","SYSTEM","1"
"AMMINVENTCORETRSINVM","D","Gestione trasferimento inventario","SYSTEM","SYSTEM","1"
"AMMINVENTCORETRSEXTM","D","Gestione trasferimento inventario verso altra UO","SYSTEM","SYSTEM","1"
"AMMINVENTCORETRSINTM","D","Gestione trasferimento inventario verso stessa UO","SYSTEM","SYSTEM","1"
"CFGPARAMETRIUOM","C","Gestione Parametri UO","SYSTEM","SYSTEM","1"
"CFGPARAMETRIUOV","C","Visualizzazione Parametri UO","SYSTEM","SYSTEM","1"
"AMMINVCONSREGINV","D","Consultazione Registro Inventario","SYSTEM","SYSTEM","1"
"CFGLINATTSTAMPM","D","Stampa GAE per modulo","SYSTEM","SYSTEM","1"
"CONSDOCAMMINVIOREV","D","Consultazione dello stato invio reversali","SYSTEM","SYSTEM","1"
"CONSGAECOMPSPE","D","Consultazione GAE Competenza Spese","SYSTEM","SYSTEM","1"
"CONSGAECOMPETR","D","Consultazione GAE Competenza Entrate","SYSTEM","SYSTEM","1"
"CNSPDGINGSINRENDGAE","D","Stampa Situazione Sintetica Rendicotazione GAE","SYSTEM","SYSTEM","1"
"CONSULTARATEIZZAADD","C","Consultazione Addizionali Rateizzate","SYSTEM","SYSTEM","1"
"XXXATTIVITAXXX","NULL","Attivita su SIGLA","SYSTEM","SYSTEM","1"
"DOCINTCASCORECONFILE","C","Consultazione File Cassiere","SYSTEM","SYSTEM","1"
"CONSOBBLRIPORTABILI","D","Consultazione delle Impegni Riportabili","SYSTEM","SYSTEM","1"
"CNSPDGINGCORESANACR","D","Stampa sit analit. GAE - Sp. Comp. Res. FINE VALIDITA 2005","SYSTEM","SYSTEM","1"
"CNSPDGINGCORESSINCR","D","Stampa sit. sintet. LdA - Sp. Comp. Res. FINE VALIDITA 2005","SYSTEM","SYSTEM","1"
"CONSSCHEDAANCONTO","D","Consultazione Scheda Analitica Conto","SYSTEM","SYSTEM","1"
"PRVPDGVARIAZIONIM","C","Gestione variazioni PDG FINE VALIDITA 2005","SYSTEM","SYSTEM","1"
"CFGSTRORGCORECENRESV","D","Visualizzazione centro di responsabilita","SYSTEM","SYSTEM","1"
"CFGSTRORGTABRTIPCDSV","D","Visualizzazione tipo di centro di Spesa","SYSTEM","SYSTEM","1"
"CFGPDCFINCORECACDSEV","D","Visualizzazione capitolo CDS Entrata","SYSTEM","SYSTEM","1"
"CFGPDCFINCORECACDSSV","D","Visualizzazione capitolo CDS Spesa parte 1","SYSTEM","SYSTEM","1"
"CFGPDCFINCORECGCNREV","D","Visualizzazione categoria CNR entrata","SYSTEM","SYSTEM","1"
"CFGPDCFINCORECACNREV","D","Visualizzazione capitolo CNR Entrata","SYSTEM","SYSTEM","1"
"CFGPDCFINCORECACNRSV","D","Visualizzazione capitolo CNR Spesa parte 1","SYSTEM","SYSTEM","1"
"CFGPDCFINASSCPF0010V","D","Visualizzazione associazione titolo CNR titolo CDS","SYSTEM","SYSTEM","1"
"CFGPDCFINASSCPF0020V","D","Visualizzazione associazione capitolo di spesa CNR + natura con capitolo di Entrata CDS","SYSTEM","SYSTEM","1"
"CFGPDCFINASSCPF0030V","D","Visualizzazione associazione capitolo di spesa CDS con tipologia di intervento","SYSTEM","SYSTEM","1"
"CFGPDCFINASSCPF0040V","D","Visualizzazione associazione capitolo di entrata con natura","SYSTEM","SYSTEM","1"
"CFGPDCFINASSCPE0010V","D","Visualizzazione associazione capitolo di spesa Cds conto EP costo","SYSTEM","SYSTEM","1"
"CFGPDCFINASSCPE0020V","D","Visualizzazione associazione capitolo di entrata CNR - conto EP di ricavo","SYSTEM","SYSTEM","1"
"CFGPDCECPCORECAPOCOV","D","Visualizzazione capoconto PDC EP","SYSTEM","SYSTEM","1"
"CFGPDCECPCORECONTEPV","D","Visualizzazione conto PDC EP","SYSTEM","SYSTEM","1"
"CFGUTENZECOREUADMINV","S","Visualizzazione utenza Amministratore di utenze","SYSTEM","SYSTEM","1"
"CFGUTENZECOREUCOMUNV","A","Visualizzazione utenza comune","SYSTEM","SYSTEM","1"
"CFGUTENZECOREACCRUOV","A","Visualizzazione accessi per ruolo","SYSTEM","SYSTEM","1"
"CFGLINATTCORELINATTV","D","Visualizzazione linea di attivita","SYSTEM","SYSTEM","1"
"CFGLINATTTABRTIPLATV","D","Visualizzazione tipologia linea di attivita","SYSTEM","SYSTEM","1"
"CFGLINATTASSC000010V","D","Visualizzazione associazione tipologia linea di attivita - CDR","SYSTEM","SYSTEM","1"
"CFGANAGCFCOREANAGCFM","D","Gestione anagrafica clienti fornitori","SYSTEM","SYSTEM","1"
"CFGANAGCFTABRMODPAGM","C","Gestione tipi di modalita di pagamento","SYSTEM","SYSTEM","1"
"CFGANAGCFTABRTERPAGM","C","Gestione tipi di termini di pagamento","SYSTEM","SYSTEM","1"
"CFGANAGCFTABRTIPRAPM","C","Gestione tipi di rapporto","SYSTEM","SYSTEM","1"
"CFGANAGCFTABRCLANAGM","C","Gestione classificazione anagrafica","SYSTEM","SYSTEM","1"
"CFGANAGCFTABRCOMESTM","D","Gestione comune estero","SYSTEM","SYSTEM","1"
"CFGSTRORGCORECENSPEM","C","Gestione centro di spesa","SYSTEM","SYSTEM","1"
"CFGSTRORGCOREUNIORGM","C","Gestione unita organizzativa","SYSTEM","SYSTEM","1"
"CFGSTRORGCORECENRESM","D","Gestione centro di responsabilita","SYSTEM","SYSTEM","1"
"CFGSTRORGTABRTIPCDSM","C","Gestione tipo di centro di Spesa","SYSTEM","SYSTEM","1"
"CFGPDCFINCORECACDSEM","C","Gestione capitolo CDS Entrata","SYSTEM","SYSTEM","1"
"CFGPDCFINCORECACDSSM","C","Gestione capitolo CDS Spesa parte 1","SYSTEM","SYSTEM","1"
"CFGPDCFINCORECACNREM","C","Gestione capitolo CNR Entrata","SYSTEM","SYSTEM","1"
"CFGPDCFINCORECACNRSM","C","Gestione capitolo CNR Spesa parte 1","SYSTEM","SYSTEM","1"
"CFGPDCFINASSCPF0010M","C","Gestione associazione titolo CNR titolo CDS","SYSTEM","SYSTEM","1"
"CFGPDCFINASSCPF0020M","C","Gestione associazione capitolo di spesa CNR + natura con capitolo di Entrata CDS","SYSTEM","SYSTEM","1"
"CFGPDCFINASSCPF0030M","C","Gestione associazione capitolo di spesa CDS con tipologia di intervento","SYSTEM","SYSTEM","1"
"CFGPDCFINASSCPE0010M","C","Gestione associazione capitolo di spesa Cds conto EP costo","SYSTEM","SYSTEM","1"
"CFGPDCFINASSCPE0020M","C","Gestione associazione capitolo di entrata CNR - conto EP di ricavo","SYSTEM","SYSTEM","1"
"CFGPDCECPCORECAPOCOM","C","Gestione capoconto PDC EP","SYSTEM","SYSTEM","1"
"CFGPDCECPCORECONTEPM","C","Gestione conto PDC EP","SYSTEM","SYSTEM","1"
"CFGUTENZECOREUADMINM","S","Gestione utenza Amministratore di utenze","SYSTEM","SYSTEM","1"
"CFGUTENZECOREUCOMUNM","A","Gestione utenza comune","SYSTEM","SYSTEM","1"
"CFGUTENZECOREACCRUOM","A","Gestione accessi per ruolo","SYSTEM","SYSTEM","1"
"CFGLINATTCORELINATTM","D","Gestione linea di attivita","SYSTEM","SYSTEM","1"
"CFGLINATTTABRTIPLATM","C","Gestione tipologia linea di attivita","SYSTEM","SYSTEM","1"
"CFGLINATTASSC000010M","D","Gestione associazione tipologia linea di attivita - CDR","SYSTEM","SYSTEM","1"
"CFGLINATTTABRGRPLATV","D","Visualizzazione macrolinea di attivit?","SYSTEM","SYSTEM","1"
"CFGANAGCFTABRRAPLEGM","D","Gestione rappresentante legale","SYSTEM","SYSTEM","1"
"CFGANAGCFTABRRAPLEGV","D","Visualizzazione rappresentante legale","SYSTEM","SYSTEM","1"
"CFGESERCICOREESERCIM","C","Gestione esercizio contabile","SYSTEM","SYSTEM","1"
"CFGESERCICOREESERCIV","D","Visualizzazione esercizio contabile","SYSTEM","SYSTEM","1"
"PRVPDGESTCOREPDGETRM","D","Gestione entrate piano di gestione","SYSTEM","SYSTEM","1"
"PRVPDGVARIAZIONIV","D","Visualizzazione variazioni PDG FINE VALIDITA 2005","SYSTEM","SYSTEM","1"
"DOCSTIPENDIOBBLIGAM","C","Elenco Impegni per Stipendi","SYSTEM","SYSTEM","1"
"DOCSTIPENDIOBBLIGAV","C","Visualizzazione Elenco Impegni per Stipendi","SYSTEM","SYSTEM","1"
"CNSRNDFINGESTDECIS","NULL","Stampa Rendiconto Finanziario Decisionale/Gestionale","SYSTEM","SYSTEM","1"
"CONSVARPDGGAREASPE","D","Consultazione Variazioni al PdG Spese per Area/Istituto","SYSTEM","SYSTEM","1"
"CONSVARPDGGAREAETR","D","Consultazione Variazioni al PdG Entrate per Area/Istituto","SYSTEM","SYSTEM","1"
"CONSVARPDGGISTSPE","D","Consultazione Variazioni al PdG Spese per Istituto/Area","SYSTEM","SYSTEM","1"
"CONSVARPDGGISTETR","D","Consultazione Variazioni al PdG Entrate per Istituto/Area","SYSTEM","SYSTEM","1"
"AMMCOMPENTABRASCORSM","C","Gestione associazione Contributo Ritenuta - Siope","SYSTEM","SYSTEM","1"
"AMMCOMPENTABRASCORSV","C","Visualizzazione associazione Contributo Ritenuta - Siope","SYSTEM","SYSTEM","1"
"CONSDOCCONMANRIS","C","Consultazione mandati riscontrati","SYSTEM","SYSTEM","1"
"CONSDOCCONREVRIS","C","Consultazione reversali riscontrate","SYSTEM","SYSTEM","1"
"CONSULTESTRAGLA","C","Consultazione per Estrazioni dati Modello GLA/Sostitutivo","SYSTEM","SYSTEM","1"
"CFGCONTRATTOTIPOM","C","Gestione Tipo Contratto","SYSTEM","SYSTEM","1"
"CFGCONTRATTOTIPOV","D","Visualizzazione Tipo Contratto","SYSTEM","SYSTEM","1"
"CFGCONTRATTOORGANOM","C","Gestione Organo","SYSTEM","SYSTEM","1"
"CFGCONTRATTOORGANOV","D","Visualizzazione Organo","SYSTEM","SYSTEM","1"
"CFGCONTRATTOATTOM","C","Gestione Atto Amministrativo","SYSTEM","SYSTEM","1"
"CFGCONTRATTOATTOV","D","Visualizzazione Atto Amministrativo","SYSTEM","SYSTEM","1"
"CFGCONTRATTOPROCAMMM","C","Gestione Procedure amministrative","SYSTEM","SYSTEM","1"
"CFGCONTRATTOPROCAMMV","D","Visualizzazione Procedure amministrative","SYSTEM","SYSTEM","1"
"CFGCONTRATTOANAGM","D","Gestione Contratto","SYSTEM","SYSTEM","1"
"CFGCONTRATTOANAGV","D","Visualizzazione Contratto","SYSTEM","SYSTEM","1"
"CNSSTAMPALIBGIO","C","Stampa Libro Giornale","SYSTEM","SYSTEM","1"
"CONSDOCAMMPARGIROCDS","D","Consultazione del Registro delle partite di giro del CDS","SYSTEM","SYSTEM","1"
"CONSDOCAMMPARGIROCNR","D","Consultazione del Registro delle partite di giro del CDS sul Bilancio CNR","SYSTEM","SYSTEM","1"
"CONSULTIMPPAGPERTIPO","C","Consultazione Impegnato-Pagato per Tipo di Spesa","SYSTEM","SYSTEM","1"
"CONSULTTERZIDACONGUA","D","Consultazione Terzi da Conguagliare","SYSTEM","SYSTEM","1"
"CONSPDGASSESAGGRSPE","D","Consultazione Assestato Spese PDG FINE VALIDITA 2005","SYSTEM","SYSTEM","1"
"CONSPDGASSESAGGRETR","D","Consultazione Assestato Entrate PDG FINE VALIDITA 2005","SYSTEM","SYSTEM","1"
"AMMCOMPENLIQCORIMASM","C","Gestione liquidazione CORI massiva","SYSTEM","SYSTEM","1"
"CONSVARBILANCIO","C","Consultazione delle Variazioni di bilancio","SYSTEM","SYSTEM","1"
"CONSPDGGDIPFOETR","C","Consultazione PdG Gestionale Entrate per Istituto-F.O.","SYSTEM","SYSTEM","1"
"CONSPDGGDIPFOSPE","C","Consultazione PdG Gestionale Spese per Istituto-F.O.","SYSTEM","SYSTEM","1"
"PRVTIPOVARIAZIONEM","C","Gestione Tipologie Variazione","SYSTEM","SYSTEM","1"
"PRVTIPOVARIAZIONEV","C","Visualizzazione Tipologie Variazione","SYSTEM","SYSTEM","1"
"DOCOBBLSTMIMPXF","D","Stampa Sintetica Impegnato per Fonte","SYSTEM","SYSTEM","1"
"DOCACCERTCONSSCADACC","D","Scadenzario accertamenti","SYSTEM","SYSTEM","1"
"CONSRICOSRESIDUI","D","Consultazione Ricostr. Residui FINE VALIDITA 2005","SYSTEM","SYSTEM","1"
"AMMINVCONSIMPASS","D","Consultazione Impegni investimento - Associazioni Inventario","SYSTEM","SYSTEM","1"
"CNSPDGINGCOREETES","D","Stampa entrate in c/residui per commessa/Esercizio Residuo","SYSTEM","SYSTEM","1"
"CNSPDGINGCOREUSES","D","Stampa uscite in c/residui per commessa/Esercizio Residuo","SYSTEM","SYSTEM","1"
"DOCCONTCONF","C","Consultazione Confronto Entrate-Spese per CDS","SYSTEM","SYSTEM","1"
"CNSPDGINGCOREURESVOC","D","Stampa uscite in c/residui per voce","SYSTEM","SYSTEM","1"
"AMMFATTURTABRMODINCV","D","Visualizzazione modalit? incasso","SYSTEM","SYSTEM","1"
"AMMFATTURTABRMODINCM","C","Modifica modalit? incasso","SYSTEM","SYSTEM","1"
"AMMFATTURTABRMODEROV","D","Visualizzazione modalit? ergazione","SYSTEM","SYSTEM","1"
"AMMFATTURTABRMODEROM","C","Modifica modalit? ergazione","SYSTEM","SYSTEM","1"
"CFGBORSESTUDIOPRCM","D","Gestione Procedura Conferimento Borse di Studio","SYSTEM","SYSTEM","1"
"CFGBORSESTUDIOPRCV","D","Visualizzazione Procedura Conferimento Borse di Studio","SYSTEM","SYSTEM","1"
"CFGASSEGNIRICERCPRCM","D","Gestione Procedura Conferimento Assegni di Ricerca","SYSTEM","SYSTEM","1"
"CFGASSEGNIRICERCPRCV","D","Visualizzazione Procedura Conferimento Assegni di Ricerca","SYSTEM","SYSTEM","1"
"AMMDOCFATTELETTV","D","Visualizzazione documenti Fatturazione Elettronica","SYSTEM","SYSTEM","1"
"AMMDOCFATTELETTVM","D","Firma e invio fattura elettronica","SYSTEM","SYSTEM","1"
"CONSCAPITOLIREST","D","Servizio REST per il piano dei conti finanziario","SYSTEM","SYSTEM","1"
"CFGPDCFINASSCPF0070M","C","Gestione Associazione Voce Vecchia - Voce Nuova","SYSTEM","SYSTEM","1"
"CFGPDCFINASSCPF0070V","D","Visualizzazione Associazione Voce Vecchia - Voce Nuova","SYSTEM","SYSTEM","1"
"DOCINTCASCONSDIST","C","Distinte Tot","SYSTEM","SYSTEM","1"
"CONSOBBLIGAZIONIREST","D","Servizio REST per la view V_CONS_OBBL_LINEE_ATTIVITA","SYSTEM","SYSTEM","1"
"AMMCONSDOCAMMATTIVI","C","Consultazione Doc. Attivi da Riscontrare","SYSTEM","SYSTEM","1"
"AMMFATTURDOCSFATPASA","NULL","Evita blocchi registrazione fattura Passiva Elettronica Riepilogativi IVA","SYSTEM","SYSTEM","1"
"CFGPROGERCOREPROGERM","D","Gestione Area progettuale","SYSTEM","SYSTEM","1"
"CFGPROGERCOREPROGERT","D","Gestione Progetto","SYSTEM","SYSTEM","1"
"MAGTABRMAGABIBENSERV","D","Visualizzazione Bene Servizio Magazzino","SYSTEM","SYSTEM","1"
"MAGTABRNUMERAZM","D","Gestione Numerazione Magazzino","SYSTEM","SYSTEM","1"
"MAGTABRNUMERAZV","D","Visualizzazione Numerazione Magazzino","SYSTEM","SYSTEM","1"
"ORDTABRNUMERAZM","D","Gestione Numerazione Ordini","SYSTEM","SYSTEM","1"
"CFGSTRORGCORECENSPEV","D","Visualizzazione centro di spesa","SYSTEM","SYSTEM","1"
"CFGSTRORGCOREUNIORGV","D","Visualizzazione unita organizzativa","SYSTEM","SYSTEM","1"
"CFGBLTACCORDIV","NULL","Visualizzazione Accordi Bilaterali","SYSTEM","SYSTEM","1"
"CFGBLTVISITEM","NULL","Gestione Visite Accordi Bilaterali","SYSTEM","SYSTEM","1"
"CFGBLTVISITEV","NULL","Visualizzazione Visite Accordi Bilaterali","SYSTEM","SYSTEM","1"
"CFGCIGM","D","Gestione Codici CIG","SYSTEM","SYSTEM","1"
"DOCCONMANCUPMAN","D","Consultazione Mandati Cup","SYSTEM","SYSTEM","1"
"DOCCONREVCUPREV","D","Consultazione Reversali Cup ","SYSTEM","SYSTEM","1"
"CONSULTWPACCERT","D","Consultazioni Accertamenti GAE","SYSTEM","SYSTEM","1"
"CFGCONTRATTOCONS","NULL","Consultazione Contratti","SYSTEM","SYSTEM","1"
"CONSULTGAESTOSPE","NULL","Consultazioni Storico GAE di spesa","SYSTEM","SYSTEM","1"
"DOCINTCASCORECONFCAS","D","Configurazione cassiere","SYSTEM","SYSTEM","1"
"AMMFATTURPOLIM","C","Riepilogativi Comunicazione Polivalente","SYSTEM","SYSTEM","1"
"CONSGAEREND","D","Consultazione Rendicontazione","SYSTEM","SYSTEM","1"
"AMMINVCONSINVRIC","D","Consultazione Inventario Ricognizione","SYSTEM","SYSTEM","1"
"DOCCONTCONFTOT","D","Consultazione Confronto Entrate-Spese","SYSTEM","SYSTEM","1"
"CONSVARCOMPRES","D","Consultazione delle Variazioni Competenza/Residuo","SYSTEM","SYSTEM","1"
"AMMFATTURDOCSFATPASE","NULL","Registro unico delle fatture","SYSTEM","SYSTEM","1"
"AMMFATTURDOCELEPASS","D","Gestione Fatturazione Elettronica Passiva","SYSTEM","SYSTEM","1"
"AMMFATTURDOCELEADMIN","NULL","Carica Fattura Elettronica Passiva","SYSTEM","SYSTEM","1"
"CONSPROGETTIREST","D","Servizio REST per i Progetti","SYSTEM","SYSTEM","1"
"CONSGAEREST","D","Servizio REST per le GAE","SYSTEM","SYSTEM","1"
"CONSIMPEGNIREST","D","Servizio REST per gli impegni","SYSTEM","SYSTEM","1"
"CONSIMPEGNIGAEREST","D","Servizio REST per gli impegni/gae","SYSTEM","SYSTEM","1"
"DOCACCERTCOREACCRESA","C","Amministra accertamenti residui","SYSTEM","SYSTEM","1"
"DOCINTCASCOREDISCASS","NULL","Distinta cassiere sepa/boest","SYSTEM","SYSTEM","1"
"CONSFATTPASSREST","D","Servizio REST per le fatture passive","SYSTEM","SYSTEM","1"
"CONSDETTOBBREST","D","Servizio REST per il dettaglio delle obbligazioni","SYSTEM","SYSTEM","1"
"CONSINVBENIREST","D","Servizio REST per i beni in inventario","SYSTEM","SYSTEM","1"
"CONSUBICBENIREST","D","Servizio REST per le ubicazioni dei beni in inventario","SYSTEM","SYSTEM","1"
"CONSMANDATOREST","D","Servizio REST per i mandati","SYSTEM","SYSTEM","1"
"CONSMANDATORIGAREST","D","Servizio REST per le righe dei mandati","SYSTEM","SYSTEM","1"
"CONSGAECOMPREST","D","Servizio REST per la consultazione delle GAE di Competenza","SYSTEM","SYSTEM","1"
"CONSGAERESENTREST","D","Servizio REST per la consultazione delle GAE Residuo di Entrata","SYSTEM","SYSTEM","1"
"CONSGAERESSPEREST","D","Servizio REST per la consultazione delle GAE Residuo di Spesa","SYSTEM","SYSTEM","1"
"CONSTERZOREST","D","Servizio REST per i terzi","SYSTEM","SYSTEM","1"
"CONSINQUADRAREST","D","Servizio REST per i terzi","SYSTEM","SYSTEM","1"
"CONSACCERTAMENTIREST","D","Servizio REST per la view V_CONS_ACC_GAE","SYSTEM","SYSTEM","1"
"CNSPDGINGPRGSINSPRG","D","Stampa Situazione Progetto/GAE","SYSTEM","SYSTEM","1"
"DOCINTCASCOREDISCASA","NULL","Distinta cassiere annulli","SYSTEM","SYSTEM","1"
"AMMCONSDOCAMMANAGMR","D","Consultazione Doc. Amministrativi","SYSTEM","SYSTEM","1"
"CNSRNDFINCOREDECGESM","C","Stampa Rendiconto","SYSTEM","SYSTEM","1"
"ORDTABRNUMERAZV","D","Visualizzazione Numerazione Ordini","SYSTEM","SYSTEM","1"
"MAGTABRTIPOGESTM","D","Gestione Bene Servizio/Tipo Gestione","SYSTEM","SYSTEM","1"
"MAGTABRTIPOGESTV","D","Visualizzazione Bene Servizio/Tipo Gestione","SYSTEM","SYSTEM","1"
"ORDRICHM","D","Richieste da unit? operative","SYSTEM","SYSTEM","1"
"ORDRICHV","D","Visualizzazione Richieste da unit? operative","SYSTEM","SYSTEM","1"
"ORDAPPRICHV","D","Validazione Richieste da unit? operative","SYSTEM","SYSTEM","1"
"CFGPDCEPPARLIVELLIM","C","Gestione dei Parametri Livelli  E/P","SYSTEM","SYSTEM","1"
"CFGPDCEPPARLIVELLIV","C","Visualizzazione dei Parametri Livelli E/P","SYSTEM","SYSTEM","1"
"CFGPROGERCOREVOCECOV","D","Visualizzazione Voce Piano Economico Progetto","SYSTEM","SYSTEM","1"
"CFGPROGERCOREVOCECOM","D","Gestione Voce Piano Economico Progetto","SYSTEM","SYSTEM","1"
"ORDORDACQM","D","Ordini d'acquisto","SYSTEM","SYSTEM","1"
"ORDORDACQV","D","Visualizzazione Ordini d'acquisto","SYSTEM","SYSTEM","1"
"CFGPDCEPCLASVOCECOM","C","Gestione delle Classificazioni Ufficiali di Economica","SYSTEM","SYSTEM","1"
"CFGPDCEPCLASVOCECOV","D","Visualizzazione delle Classificazioni Ufficiali di Economica","SYSTEM","SYSTEM","1"
"CFGPDCEPCLASVOCPATM","C","Gestione delle Classificazioni Ufficiali di Patrimoniale","SYSTEM","SYSTEM","1"
"CFGPDCEPCLASVOCPATV","D","Visualizzazione delle Classificazioni Ufficiali di Patrimoniale","SYSTEM","SYSTEM","1"
"ORDGENORDRICM","D","Generazione Ordini da Richieste","SYSTEM","SYSTEM","1"
"ORDORDACQFIRV","D","Firma Ordini","SYSTEM","SYSTEM","1"
"ORDEVAORDG","D","Evasione Ordini","SYSTEM","SYSTEM","1"
"MAGBOLSCAGEN","D","Bolle di Scarico Generate","SYSTEM","SYSTEM","1"
"DOCOBBCOREOBBRESPROA","C","Amministra obbligazioni residue","SYSTEM","SYSTEM","1"
"DOCMANDATOAUTOMATICG","C","Gestione Mandato Automatico","SYSTEM","SYSTEM","1"
"CFGPROGERCORECOMOLDV","D","Visualizzazione Progetto di Ricerca (Commessa) Ante 2016","SYSTEM","SYSTEM","1"
"MAGSCARSCARICMANUALG","D","Scarico Manuale Magazzino","SYSTEM","SYSTEM","1"
"CFGPROGERCOREPROOLDV","D","Visualizzazione Progetto di Ricerca Ante 2016","SYSTEM","SYSTEM","1"
"CONSTERZOCOMPREST","D","Servizio REST per i terzi per compenso","SYSTEM","SYSTEM","1"
"CFGCIGV","D","Visualizzazione Codici CIG","SYSTEM","SYSTEM","1"
"CFGCONTRATTOMASTER","NULL","Gestione MASTER sui CONTRATTI","SYSTEM","SYSTEM","1"
"PRVPDGESTCOREPDGSPEV","D","Visualizzazione spese piano di gestione","SYSTEM","SYSTEM","1"
"PRVPDGESTCOREPDGSPEM","D","Gestione spese piano di gestione","SYSTEM","SYSTEM","1"
"CFGANAGCFCOREANAGSOM","C","Gestione anagrafica struttura organizzativa","SYSTEM","SYSTEM","1"
"PRVPDGESTCOREPDGCORV","D","Vis piano di gestione FINE VALIDITA 2005","SYSTEM","SYSTEM","1"
"PRVPDGESTCOREPDGCORM","D","Gest. piano di gestione FINE VALIDITA 2005","SYSTEM","SYSTEM","1"
"CFGCONSLOGSAPPV","C","Logs Applicativi","SYSTEM","SYSTEM","1"
"DOCOBBCOREOBBRESPROC","NULL","Gestione imp res propri - Creazione USARE SOLO PER MIGRAZIONI","SYSTEM","SYSTEM","1"
"PRVBIPREVCOREBPRCNRM","C","Gestione bilancio di previsione CNR","SYSTEM","SYSTEM","1"
"PRVBIPREVCOREBPRCNRV","D","Visualizzazione bilancio di previsione CNR","SYSTEM","SYSTEM","1"
"PRVBIPREVCOREBPRCDSM","D","Gest bil prev CDS FINE VALIDITA 2005","SYSTEM","SYSTEM","1"
"PRVBIPREVCOREBPRCDSV","D","Vis bil prev CDS FINE VALIDITA 2005","SYSTEM","SYSTEM","1"
"PRVPDGESTCOREPDGETRV","D","Visualizzazione costi piano di gestione","SYSTEM","SYSTEM","1"
"PRVCSTDIPCORECSTDIPM","C","Gestione costi del personale PREVISIONALI","SYSTEM","SYSTEM","1"
"PRVCSTDIPCORECSTDIPV","C","Visualizzione costi del personale PREVISIONALI","SYSTEM","SYSTEM","1"
"CFGPDCFINTABRCATECOV","D","Visualizzazione categoria economica","SYSTEM","SYSTEM","1"
"CFGPDCFINTABRCATECOM","C","Gestione categoria economica","SYSTEM","SYSTEM","1"
"CFGPDCFINCORECGCNREM","C","Gestione categoria CNR entrata","SYSTEM","SYSTEM","1"
"CFGPDCFINASSCPF0040M","D","Gestione associazione capitolo di entrata con natura","SYSTEM","SYSTEM","1"
"CFGANAGCFCOREANAGCFV","D","Visualizzazione anagrafica clienti fornitori","SYSTEM","SYSTEM","1"
"CFGLINATTTABRGRPLATM","D","Gestione macrolinea di attivit?","SYSTEM","SYSTEM","1"
"CONSPDGGAREAETR","D","Consultazione PdG Gestionale Entrate per Area/Istituto","SYSTEM","SYSTEM","1"
"CFGPROGERCOREMAV","D","Visualizzazione Modulo di attivit?","SYSTEM","SYSTEM","1"
"CONSPDGPAREASPE","D","Consultazione PdG Previsionale Spese per Area/Istituto","SYSTEM","SYSTEM","1"
"CONSULTELENCOINVE","D","Consultazioni inventario beni","SYSTEM","SYSTEM","1"
"DOCSTIPENDICOFICORIM","C","Gestione Ritenute Stipendi","SYSTEM","SYSTEM","1"
"DOCSTIPENDICOFICORIV","C","Visualizzazione Ritenute Stipendi","SYSTEM","SYSTEM","1"
"AMMLIQIVACOREINTERFM","C","Gest Liquid IVA FINE VALIDITA 2007","SYSTEM","SYSTEM","1"
"AMMLIQIVACOREINTERFV","C","Vis Liquid IVA FINE VALIDITA 2007","SYSTEM","SYSTEM","1"
"PRVRICOSRESSTAMPAM","D","Stampa Ricostr Residui FINE VALIDITA 2005","SYSTEM","SYSTEM","1"
"AMMCOEPSTAMOV","D","Stampa elenco movimenti","SYSTEM","SYSTEM","1"
"AMMINVENTCOREGESTBEU","D","Aggiornamento gestione bene","SYSTEM","SYSTEM","1"
"AMMINVENTSTASSBEFAM","D","Consultazione associazioni beni fatture","SYSTEM","SYSTEM","1"
"CONSPDGPAREAETR","D","Consultazione PdG Previsionale Entrate per Area/Istituto","SYSTEM","SYSTEM","1"
"CONSPDGPISTETR","D","Consultazione PdG Previsionale Entrate per Istituto/Area","SYSTEM","SYSTEM","1"
"CONSPDGPISTSPE","D","Consultazione PdG Previsionale Spese per Istituto/Area","SYSTEM","SYSTEM","1"
"CONSPDGPDIPETR","D","Consultazione PdG Previsionale Entrate per Istituto","SYSTEM","SYSTEM","1"
"CONSPDGPDIPSPE","D","Consultazione PdG Previsionale Spese per Istituto","SYSTEM","SYSTEM","1"
"CONSPDGPDIPFOETR","C","Consultazione PdG Previsionale Entrate per Istituto-F.O.","SYSTEM","SYSTEM","1"
"CONSPDGPDIPFOSPE","C","Consultazione PdG Previsionale Spese per Istituto - F.O.","SYSTEM","SYSTEM","1"
"CONSPDGPFOETR","C","Consultazione PdG Previsionale Entrate per Funzioni Obiettivo","SYSTEM","SYSTEM","1"
"CONSPDGPFOSPE","C","Consultazione PdG Previsionale Spese per Funzioni Obiettivo","SYSTEM","SYSTEM","1"
"CONSPDGPTITETR","C","Consultazione PdG Previsionale Entrate per Titolo","SYSTEM","SYSTEM","1"
"CONSPDGPTITSPE","C","Consultazione PdG Previsionale Spese per Titolo","SYSTEM","SYSTEM","1"
"CFGANAGCFTABRRIFINQM","C","Gestione inquadramenti","SYSTEM","SYSTEM","1"
"CFGANAGCFTABRRIFINQV","D","Visualizzazione inquadramenti","SYSTEM","SYSTEM","1"
"AMMINVCONSASSDISP","D","Consultazione associazioni mancanti Inventario / Doc. Amm. ","SYSTEM","SYSTEM","1"
"AMMINVCONSQUOUTIL","C","Consultazione Quote Utilizzatori","SYSTEM","SYSTEM","1"
"AMMBONUSV","C","Visualizzazione bonus","SYSTEM","SYSTEM","1"
"AMMBONUSM","C","Gestione bonus","SYSTEM","SYSTEM","1"
"CONSULTCOSTIPERSOMEN","D","Costi del personale mensili","SYSTEM","SYSTEM","1"
"DOCINTCASCONSSOSE","D","Sospesi di Entrata","SYSTEM","SYSTEM","1"
"DOCINTCASCONSSOSS","D","Sospesi di Spesa","SYSTEM","SYSTEM","1"
"CFGPDCFINSTMENTSPE","D","Stampa PdC Finanziario","SYSTEM","SYSTEM","1"
"CFGPDCFINLIMSPEM","C","Gestione Limite Spesa","SYSTEM","SYSTEM","1"
"CFGPDCFINLIMSPEV","C","Visualizzazione Limite Spesa","SYSTEM","SYSTEM","1"
"CFGANAGCFTABRTERAREM","C","Gestione aree paesi esteri","SYSTEM","SYSTEM","1"
"CFGANAGCFTABRTERAREV","C","Visualizzazione aree paesi esteri","SYSTEM","SYSTEM","1"
"AMMMISSIOTABRQUOTARM","C","Gestione Quota Rimborso","SYSTEM","SYSTEM","1"
"AMMMISSIOTABRQUOTARV","D","Visualizzazione Quota Rimborso","SYSTEM","SYSTEM","1"
"AMMCOMPENCORECRTICCM","C","Stampa  certificazione a titolo d'imposta - Co.Co.Co.","SYSTEM","SYSTEM","1"
"CONSULTWPOBBLIGAZ","D","Consultazioni GAE","SYSTEM","SYSTEM","1"
"CFGEXCELCCORERECODAM","D","Coda File Excel","SYSTEM","SYSTEM","1"
"CONSULTCOSTIPERSO","D","Consultazione costi del personale previsione","SYSTEM","SYSTEM","1"
"CONSULTPDGAGGRSPE","D","Consultazione  PdG Aggregato e PdG (Spe) FINE VALIDITA 2005","SYSTEM","SYSTEM","1"
"CONSULTPDGAGGRETR","D","Consultazione PdG Aggr e PdG (Entrata) FINE VALIDITA 2005","SYSTEM","SYSTEM","1"
"CONSULTPDGCOMMSPE","D","Consultazione Pdg per commessa (Spesa) FINE VALIDITA 2005","SYSTEM","SYSTEM","1"
"CONSULTPDGCOMMETR","D","Consultazione Pdg per commessa (Entrata) FINE VALIDITA 2005","SYSTEM","SYSTEM","1"
"PRVPDGSTAETRSPEIST","D","Stampa PDG riclas Istituto/Progetto/Commessa FINE VALIDITA 2005","SYSTEM","SYSTEM","1"
"PRVPDGSTAETRSPEDIP","D","Stampa PDG riclas Bil. Prev. Ente FINE VALIDITA 2005","SYSTEM","SYSTEM","1"
"AMMCOMPENESTRMEINPSM","C","Estrazione INPS Mensile","SYSTEM","SYSTEM","1"
"PRVVARCOMPETENZAM","D","Gestione variazioni al PdG 2006","SYSTEM","SYSTEM","1"
"PRVVARCOMPETENZAV","D","Visualizzazione variazioni al PdG 2006","SYSTEM","SYSTEM","1"
"PRVVARCOMPRIGAM","D","Gestione variazioni righe entrata/spesa al PDG 2006","SYSTEM","SYSTEM","1"
"PRVVARCOMPRIGAV","D","Visualizzazione variazioni righe entrata/spesa al PDG 2006","SYSTEM","SYSTEM","1"
"PRVVARCOMPSTAMP","D","Stampa Variazioni PdG 2006","SYSTEM","SYSTEM","1"
"PRVVARCOMPSTAMPR","C","Stampa Variazioni PdG Riepilogo 2006","SYSTEM","SYSTEM","1"
"CONSULTPAGPERTIPOMAN","C","Consultazione Pagato per Tipi di Spese/Tipo Mandato","SYSTEM","SYSTEM","1"
"CFGSERVIZIOPECV","C","Visualizzazione Servizio PEC","SYSTEM","SYSTEM","1"
"CFGSERVIZIOPECM","C","Servizio PEC","SYSTEM","SYSTEM","1"
"PRVARCHVARIAZIONEM","D","Predisposizione Variazione per Firma","SYSTEM","SYSTEM","1"
"PRVFIRMAVARIAZIONE","D","Firma digitale Stampe Variazioni","SYSTEM","SYSTEM","1"
"CONSULTMONITOCOCOCO","D","Consultazione Monitoraggio COCOCO","SYSTEM","SYSTEM","1"
"CFGPDCFINCLASVOCETRM","C","Gestione delle Classificazioni Ufficiali di Entrata delle Voci Finanziarie","SYSTEM","SYSTEM","1"
"CFGPDCFINCLASVOCETRV","D","Visualizzazione delle Classificazioni Ufficiali di Entrata delle Voci Finanziarie","SYSTEM","SYSTEM","1"
"CFGPDCFINCLASVOCSPEM","C","Gestione delle Classificazioni Ufficiali di Spesa delle Voci Finanziarie","SYSTEM","SYSTEM","1"
"CFGPDCFINCLASVOCSPEV","D","Visualizzazione delle Classificazioni Ufficiali di Spesa delle Voci Finanziarie","SYSTEM","SYSTEM","1"
"PRVNPDGESTPDGAGGV","D","Visualizzazione nuovo Piano di gestione aggregato (PdGP)","SYSTEM","SYSTEM","1"
"PRVNPDGESTPDGAGGM","D","Gestione nuovo Piano di gestione aggregato (PdGP)","SYSTEM","SYSTEM","1"
"PRVPDGESTVARSTAMP","D","Stampa Variazioni PdG FINE VALIDITA 2005","SYSTEM","SYSTEM","1"
"PRVNPDGGESTETRM","D","Gestione dettaglio entrate piano di gestione gestionale","SYSTEM","SYSTEM","1"
"PRVNPDGGESTETRV","D","Visualizzazione dettaglio entrate piano di gestione gestionale","SYSTEM","SYSTEM","1"
"PRVNPDGGESTSPEM","D","Gestione dettaglio spese piano di gestione gestionale","SYSTEM","SYSTEM","1"
"PRVNPDGGESTSPEV","D","Visualizzazione dettaglio spese piano di gestione gestionale","SYSTEM","SYSTEM","1"
"DOCOBBLIGCOREIMPBEV","C","Visualizzazione impegni su bilancio Ente","SYSTEM","SYSTEM","1"
"DOCOBBLIGCOREIMPBEM","C","Gestione impegni su bilancio Ente","SYSTEM","SYSTEM","1"
"DOCOBBCOREOBBRESPROM","D","Gestione impegni residui propri","SYSTEM","SYSTEM","1"
"DOCOBBCOREOBBRESPROV","D","Visualizzazione impegni residui propri","SYSTEM","SYSTEM","1"
"DOCOBBCOREOBBRESIMPM","D","Gestione impegni residui impropri","SYSTEM","SYSTEM","1"
"DOCOBBCOREOBBRESIMPV","D","Visualizzazione impegni residui impropri","SYSTEM","SYSTEM","1"
"DOCACCERTCOREACCRESC","NULL","Gestione accert res - Creazione FINE VALIDITA 2006","SYSTEM","SYSTEM","1"
"CFGUTENZETIPORUOM","A","Gestione Tipi Ruoli","SYSTEM","SYSTEM","1"
"CFGUTENZETIPORUOV","A","Gestione Tipi Ruoli","SYSTEM","SYSTEM","1"
"CONSPDGGDIPETR","D","Consultazione PdG Gestionale Entrate per Istituto","SYSTEM","SYSTEM","1"
"CONSPDGGDIPSPE","D","Consultazione PdG Gestionale Spese per Istituto","SYSTEM","SYSTEM","1"
"AMMCOMPENLIQCORICENM","C","Ribaltamento liquidazione CORI al centro","SYSTEM","SYSTEM","1"
"CNSPDGINGCOREESCCOMP","D","Stampa entrate/spese in c/competenza","SYSTEM","SYSTEM","1"
"DOCCONMANRICMAN","D","Consultazione mandati","SYSTEM","SYSTEM","1"
"AMMCOMPENCORESTCOMP","D","Stampa Compensi","SYSTEM","SYSTEM","1"
"DOCSTIPENELABFLUSSIM","C","Gestione flussi stipendi","SYSTEM","SYSTEM","1"
"DOCSTIPENDIOBBSCADM","C","Gestione Impegni Stipendi","SYSTEM","SYSTEM","1"
"DOCSTIPENDIOBBSCADV","C","Visualizzazione Impegni Stipendi","SYSTEM","SYSTEM","1"
"AMMINVCONSINVEP","C","Consultazione Inventario per Conto","SYSTEM","SYSTEM","1"
"AMMINVCONSINVUTIL","D","Consultazione Inventario Utilizzatori","SYSTEM","SYSTEM","1"
"XXXMANAGELOCKOBJECTX","NULL","Gestione lock sulle tabelle ","SYSTEM","SYSTEM","1"
"CONSVARSTANZCOMP","C","Consultazione delle Variazioni allo Stanziamento di Competenza","SYSTEM","SYSTEM","1"
"CFGPARAMETRICNRM","C","Gestione Parametri CNR","SYSTEM","SYSTEM","1"
"CFGPARAMETRICNRV","C","Visualizzazione Parametri CNR","SYSTEM","SYSTEM","1"
"AMMCOMPENCORECRTM","C","Stampa  certificazione","SYSTEM","SYSTEM","1"
"PRVPDGGESCORESTRPCSM","D","Stampa ripart costi personale FINE VALIDITA 2005","SYSTEM","SYSTEM","1"
"AMMCOMPENTABRESADDCE","C","Caricamento Esenzioni Addizionali Comunali","SYSTEM","SYSTEM","1"
"AMMCOMPENTABRESADDCM","C","Gestione Esenzioni Addizionali Comunali","SYSTEM","SYSTEM","1"
"AMMCOMPENTABRESADDCV","C","Visualizzazione Esenzioni Addizionali Comunali","SYSTEM","SYSTEM","1"
"AMMCOMPENTABRASCOREM","C","Gestione associazione Contributo Ritenuta - Elemento Voce","SYSTEM","SYSTEM","1"
"AMMCOMPENTABRASCOREV","C","Visualizzazione associazione Contributo Ritenuta - Elemento Voce","SYSTEM","SYSTEM","1"
"AMMCOMPENTABRASCORVM","C","Gestione associazione Tipo CORI - Voce E/P","SYSTEM","SYSTEM","1"
"AMMCOMPENTABRASCORVV","C","Visualizzazione associazione Tipo CORI - Voce E/P","SYSTEM","SYSTEM","1"
"AMMCOMPENTABRGRCRM","C","Gestione gruppo CORI","SYSTEM","SYSTEM","1"
"AMMCOMPENTABRGRCRV","C","Visualizzazione gruppo CORI","SYSTEM","SYSTEM","1"
"AMMCOMPENTABRGRCRUM","C","Associazione Gruppo CORI - UO","SYSTEM","SYSTEM","1"
"AMMCOMPENTABRGRCRUV","C","Visualizzazione Gruppo CORI - UO","SYSTEM","SYSTEM","1"
"AMMCOMPENTABRTICRBM","C","Gestione Ass. Gruppo CORI - CORI","SYSTEM","SYSTEM","1"
"AMMCOMPENTABRTICRBV","C","Visualizzazione Ass. Gruppo CORI - CORI","SYSTEM","SYSTEM","1"
"CFGINCARICHITIPOATTM","C","Gestione Tipo Attivita'","SYSTEM","SYSTEM","1"
"CFGINCARICHITIPOATTV","D","Visualizzazione Tipo Attivita'","SYSTEM","SYSTEM","1"
"CFGINCARICHITIPOINCM","C","Gestione Tipo Incarico","SYSTEM","SYSTEM","1"
"CFGINCARICHITIPOINCV","D","Visualizzazione Tipo Incarico","SYSTEM","SYSTEM","1"
"CFGINCARICHITIPOLIMM","C","Gestione Tipo Limite","SYSTEM","SYSTEM","1"
"CFGINCARICHITIPOLIMV","C","Visualizzazione Tipo Limite","SYSTEM","SYSTEM","1"
