PG_COMUNE,CD_CAP,UTCR,UTUV,PG_VER_REC
138,"15121","SYSTEM","SYSTEM","1"
138,"15122","SYSTEM","SYSTEM","1"
216,"60121","SYSTEM","SYSTEM","1"
216,"60122","SYSTEM","SYSTEM","1"
216,"60123","SYSTEM","SYSTEM","1"
216,"60124","SYSTEM","SYSTEM","1"
216,"60125","SYSTEM","SYSTEM","1"
216,"60126","SYSTEM","SYSTEM","1"
216,"60127","SYSTEM","SYSTEM","1"
216,"60128","SYSTEM","SYSTEM","1"
216,"60129","SYSTEM","SYSTEM","1"
216,"60130","SYSTEM","SYSTEM","1"
216,"60131","SYSTEM","SYSTEM","1"
404,"85020","SYSTEM","SYSTEM","1"
512,"70121","SYSTEM","SYSTEM","1"
512,"70122","SYSTEM","SYSTEM","1"
512,"70123","SYSTEM","SYSTEM","1"
512,"70124","SYSTEM","SYSTEM","1"
512,"70125","SYSTEM","SYSTEM","1"
512,"70126","SYSTEM","SYSTEM","1"
512,"70127","SYSTEM","SYSTEM","1"
512,"70128","SYSTEM","SYSTEM","1"
512,"70129","SYSTEM","SYSTEM","1"
512,"70130","SYSTEM","SYSTEM","1"
512,"70131","SYSTEM","SYSTEM","1"
512,"70132","SYSTEM","SYSTEM","1"
611,"24121","SYSTEM","SYSTEM","1"
611,"24122","SYSTEM","SYSTEM","1"
611,"24123","SYSTEM","SYSTEM","1"
611,"24124","SYSTEM","SYSTEM","1"
611,"24125","SYSTEM","SYSTEM","1"
611,"24126","SYSTEM","SYSTEM","1"
611,"24127","SYSTEM","SYSTEM","1"
611,"24128","SYSTEM","SYSTEM","1"
611,"24129","SYSTEM","SYSTEM","1"
652,"52010","SYSTEM","SYSTEM","1"
707,"40121","SYSTEM","SYSTEM","1"
707,"40122","SYSTEM","SYSTEM","1"
707,"40123","SYSTEM","SYSTEM","1"
707,"40124","SYSTEM","SYSTEM","1"
707,"40125","SYSTEM","SYSTEM","1"
707,"40126","SYSTEM","SYSTEM","1"
707,"40127","SYSTEM","SYSTEM","1"
707,"40128","SYSTEM","SYSTEM","1"
707,"40129","SYSTEM","SYSTEM","1"
707,"40130","SYSTEM","SYSTEM","1"
707,"40131","SYSTEM","SYSTEM","1"
707,"40132","SYSTEM","SYSTEM","1"
707,"40133","SYSTEM","SYSTEM","1"
707,"40134","SYSTEM","SYSTEM","1"
707,"40135","SYSTEM","SYSTEM","1"
707,"40136","SYSTEM","SYSTEM","1"
707,"40137","SYSTEM","SYSTEM","1"
707,"40138","SYSTEM","SYSTEM","1"
707,"40139","SYSTEM","SYSTEM","1"
707,"40140","SYSTEM","SYSTEM","1"
707,"40141","SYSTEM","SYSTEM","1"
820,"89034","SYSTEM","SYSTEM","1"
862,"25121","SYSTEM","SYSTEM","1"
862,"25122","SYSTEM","SYSTEM","1"
862,"25123","SYSTEM","SYSTEM","1"
862,"25124","SYSTEM","SYSTEM","1"
862,"25125","SYSTEM","SYSTEM","1"
862,"25126","SYSTEM","SYSTEM","1"
862,"25127","SYSTEM","SYSTEM","1"
862,"25128","SYSTEM","SYSTEM","1"
862,"25129","SYSTEM","SYSTEM","1"
862,"25130","SYSTEM","SYSTEM","1"
862,"25131","SYSTEM","SYSTEM","1"
862,"25132","SYSTEM","SYSTEM","1"
862,"25133","SYSTEM","SYSTEM","1"
862,"25134","SYSTEM","SYSTEM","1"
862,"25135","SYSTEM","SYSTEM","1"
862,"25136","SYSTEM","SYSTEM","1"
987,"09121","SYSTEM","SYSTEM","1"
987,"09122","SYSTEM","SYSTEM","1"
987,"09123","SYSTEM","SYSTEM","1"
987,"09124","SYSTEM","SYSTEM","1"
987,"09125","SYSTEM","SYSTEM","1"
987,"09126","SYSTEM","SYSTEM","1"
987,"09127","SYSTEM","SYSTEM","1"
987,"09128","SYSTEM","SYSTEM","1"
987,"09129","SYSTEM","SYSTEM","1"
987,"09130","SYSTEM","SYSTEM","1"
987,"09131","SYSTEM","SYSTEM","1"
987,"09132","SYSTEM","SYSTEM","1"
987,"09133","SYSTEM","SYSTEM","1"
987,"09134","SYSTEM","SYSTEM","1"
1347,"54031","SYSTEM","SYSTEM","1"
1438,"56023","SYSTEM","SYSTEM","1"
1736,"95121","SYSTEM","SYSTEM","1"
1736,"95122","SYSTEM","SYSTEM","1"
1736,"95123","SYSTEM","SYSTEM","1"
1736,"95124","SYSTEM","SYSTEM","1"
1736,"95125","SYSTEM","SYSTEM","1"
1736,"95126","SYSTEM","SYSTEM","1"
1736,"95127","SYSTEM","SYSTEM","1"
1736,"95128","SYSTEM","SYSTEM","1"
1736,"95129","SYSTEM","SYSTEM","1"
1736,"95130","SYSTEM","SYSTEM","1"
1736,"95131","SYSTEM","SYSTEM","1"
1765,"38070","SYSTEM","SYSTEM","1"
1898,"47521","SYSTEM","SYSTEM","1"
1898,"47522","SYSTEM","SYSTEM","1"
1945,"66013","SYSTEM","SYSTEM","1"
2029,"06018","SYSTEM","SYSTEM","1"
2055,"47010","SYSTEM","SYSTEM","1"
2200,"44030","SYSTEM","SYSTEM","1"
2542,"02032","SYSTEM","SYSTEM","1"
2542,"02036","SYSTEM","SYSTEM","1"
2583,"44121","SYSTEM","SYSTEM","1"
2583,"44122","SYSTEM","SYSTEM","1"
2583,"44123","SYSTEM","SYSTEM","1"
2583,"44124","SYSTEM","SYSTEM","1"
2629,"50121","SYSTEM","SYSTEM","1"
2629,"50122","SYSTEM","SYSTEM","1"
2629,"50123","SYSTEM","SYSTEM","1"
2629,"50124","SYSTEM","SYSTEM","1"
2629,"50125","SYSTEM","SYSTEM","1"
2629,"50126","SYSTEM","SYSTEM","1"
2629,"50127","SYSTEM","SYSTEM","1"
2629,"50128","SYSTEM","SYSTEM","1"
2629,"50129","SYSTEM","SYSTEM","1"
2629,"50130","SYSTEM","SYSTEM","1"
2629,"50131","SYSTEM","SYSTEM","1"
2629,"50132","SYSTEM","SYSTEM","1"
2629,"50133","SYSTEM","SYSTEM","1"
2629,"50134","SYSTEM","SYSTEM","1"
2629,"50135","SYSTEM","SYSTEM","1"
2629,"50136","SYSTEM","SYSTEM","1"
2629,"50137","SYSTEM","SYSTEM","1"
2629,"50138","SYSTEM","SYSTEM","1"
2629,"50139","SYSTEM","SYSTEM","1"
2629,"50140","SYSTEM","SYSTEM","1"
2629,"50141","SYSTEM","SYSTEM","1"
2629,"50142","SYSTEM","SYSTEM","1"
2629,"50143","SYSTEM","SYSTEM","1"
2629,"50144","SYSTEM","SYSTEM","1"
2629,"50145","SYSTEM","SYSTEM","1"
2653,"71121","SYSTEM","SYSTEM","1"
2653,"71122","SYSTEM","SYSTEM","1"
2699,"47121","SYSTEM","SYSTEM","1"
2699,"47122","SYSTEM","SYSTEM","1"
2850,"36053","SYSTEM","SYSTEM","1"
2903,"16121","SYSTEM","SYSTEM","1"
2903,"16122","SYSTEM","SYSTEM","1"
2903,"16123","SYSTEM","SYSTEM","1"
2903,"16124","SYSTEM","SYSTEM","1"
2903,"16125","SYSTEM","SYSTEM","1"
2903,"16126","SYSTEM","SYSTEM","1"
2903,"16127","SYSTEM","SYSTEM","1"
2903,"16128","SYSTEM","SYSTEM","1"
2903,"16129","SYSTEM","SYSTEM","1"
2903,"16130","SYSTEM","SYSTEM","1"
2903,"16131","SYSTEM","SYSTEM","1"
2903,"16132","SYSTEM","SYSTEM","1"
2903,"16133","SYSTEM","SYSTEM","1"
2903,"16134","SYSTEM","SYSTEM","1"
2903,"16135","SYSTEM","SYSTEM","1"
2903,"16136","SYSTEM","SYSTEM","1"
2903,"16137","SYSTEM","SYSTEM","1"
2903,"16138","SYSTEM","SYSTEM","1"
2903,"16139","SYSTEM","SYSTEM","1"
2903,"16140","SYSTEM","SYSTEM","1"
2903,"16141","SYSTEM","SYSTEM","1"
2903,"16142","SYSTEM","SYSTEM","1"
2903,"16143","SYSTEM","SYSTEM","1"
2903,"16144","SYSTEM","SYSTEM","1"
2903,"16145","SYSTEM","SYSTEM","1"
2903,"16146","SYSTEM","SYSTEM","1"
2903,"16147","SYSTEM","SYSTEM","1"
2903,"16148","SYSTEM","SYSTEM","1"
2903,"16149","SYSTEM","SYSTEM","1"
2903,"16150","SYSTEM","SYSTEM","1"
2903,"16151","SYSTEM","SYSTEM","1"
2903,"16152","SYSTEM","SYSTEM","1"
2903,"16153","SYSTEM","SYSTEM","1"
2903,"16154","SYSTEM","SYSTEM","1"
2903,"16155","SYSTEM","SYSTEM","1"
2903,"16156","SYSTEM","SYSTEM","1"
2903,"16157","SYSTEM","SYSTEM","1"
2903,"16158","SYSTEM","SYSTEM","1"
2903,"16159","SYSTEM","SYSTEM","1"
2903,"16160","SYSTEM","SYSTEM","1"
2903,"16161","SYSTEM","SYSTEM","1"
2903,"16162","SYSTEM","SYSTEM","1"
2903,"16163","SYSTEM","SYSTEM","1"
2903,"16164","SYSTEM","SYSTEM","1"
2903,"16165","SYSTEM","SYSTEM","1"
2903,"16166","SYSTEM","SYSTEM","1"
2903,"16167","SYSTEM","SYSTEM","1"
3133,"00010","SYSTEM","SYSTEM","1"
3283,"19121","SYSTEM","SYSTEM","1"
3283,"19122","SYSTEM","SYSTEM","1"
3283,"19123","SYSTEM","SYSTEM","1"
3283,"19124","SYSTEM","SYSTEM","1"
3283,"19125","SYSTEM","SYSTEM","1"
3283,"19126","SYSTEM","SYSTEM","1"
3283,"19127","SYSTEM","SYSTEM","1"
3283,"19128","SYSTEM","SYSTEM","1"
3283,"19129","SYSTEM","SYSTEM","1"
3283,"19130","SYSTEM","SYSTEM","1"
3283,"19131","SYSTEM","SYSTEM","1"
3283,"19132","SYSTEM","SYSTEM","1"
3283,"19133","SYSTEM","SYSTEM","1"
3283,"19134","SYSTEM","SYSTEM","1"
3283,"19135","SYSTEM","SYSTEM","1"
3283,"19136","SYSTEM","SYSTEM","1"
3283,"19137","SYSTEM","SYSTEM","1"
3292,"04010","SYSTEM","SYSTEM","1"
3406,"57121","SYSTEM","SYSTEM","1"
3406,"57122","SYSTEM","SYSTEM","1"
3406,"57123","SYSTEM","SYSTEM","1"
3406,"57124","SYSTEM","SYSTEM","1"
3406,"57125","SYSTEM","SYSTEM","1"
3406,"57126","SYSTEM","SYSTEM","1"
3406,"57127","SYSTEM","SYSTEM","1"
3406,"57128","SYSTEM","SYSTEM","1"
3469,"55014","SYSTEM","SYSTEM","1"
3743,"43040","SYSTEM","SYSTEM","1"
3800,"98121","SYSTEM","SYSTEM","1"
3800,"98122","SYSTEM","SYSTEM","1"
3800,"98123","SYSTEM","SYSTEM","1"
3800,"98124","SYSTEM","SYSTEM","1"
3800,"98125","SYSTEM","SYSTEM","1"
3800,"98126","SYSTEM","SYSTEM","1"
3800,"98127","SYSTEM","SYSTEM","1"
3800,"98128","SYSTEM","SYSTEM","1"
3800,"98129","SYSTEM","SYSTEM","1"
3800,"98130","SYSTEM","SYSTEM","1"
3800,"98131","SYSTEM","SYSTEM","1"
3800,"98132","SYSTEM","SYSTEM","1"
3800,"98133","SYSTEM","SYSTEM","1"
3800,"98134","SYSTEM","SYSTEM","1"
3800,"98135","SYSTEM","SYSTEM","1"
3800,"98136","SYSTEM","SYSTEM","1"
3800,"98137","SYSTEM","SYSTEM","1"
3800,"98138","SYSTEM","SYSTEM","1"
3800,"98139","SYSTEM","SYSTEM","1"
3800,"98140","SYSTEM","SYSTEM","1"
3800,"98141","SYSTEM","SYSTEM","1"
3800,"98142","SYSTEM","SYSTEM","1"
3800,"98143","SYSTEM","SYSTEM","1"
3800,"98144","SYSTEM","SYSTEM","1"
3800,"98145","SYSTEM","SYSTEM","1"
3800,"98146","SYSTEM","SYSTEM","1"
3800,"98147","SYSTEM","SYSTEM","1"
3800,"98148","SYSTEM","SYSTEM","1"
3800,"98149","SYSTEM","SYSTEM","1"
3800,"98150","SYSTEM","SYSTEM","1"
3800,"98151","SYSTEM","SYSTEM","1"
3800,"98152","SYSTEM","SYSTEM","1"
3800,"98153","SYSTEM","SYSTEM","1"
3800,"98154","SYSTEM","SYSTEM","1"
3800,"98155","SYSTEM","SYSTEM","1"
3800,"98156","SYSTEM","SYSTEM","1"
3800,"98157","SYSTEM","SYSTEM","1"
3800,"98158","SYSTEM","SYSTEM","1"
3800,"98160","SYSTEM","SYSTEM","1"
3800,"98161","SYSTEM","SYSTEM","1"
3800,"98162","SYSTEM","SYSTEM","1"
3800,"98163","SYSTEM","SYSTEM","1"
3800,"98164","SYSTEM","SYSTEM","1"
3800,"98165","SYSTEM","SYSTEM","1"
3800,"98166","SYSTEM","SYSTEM","1"
3800,"98167","SYSTEM","SYSTEM","1"
3800,"98168","SYSTEM","SYSTEM","1"
3831,"20121","SYSTEM","SYSTEM","1"
3831,"20122","SYSTEM","SYSTEM","1"
3831,"20123","SYSTEM","SYSTEM","1"
3831,"20124","SYSTEM","SYSTEM","1"
3831,"20125","SYSTEM","SYSTEM","1"
3831,"20126","SYSTEM","SYSTEM","1"
3831,"20127","SYSTEM","SYSTEM","1"
3831,"20128","SYSTEM","SYSTEM","1"
3831,"20129","SYSTEM","SYSTEM","1"
3831,"20130","SYSTEM","SYSTEM","1"
3831,"20131","SYSTEM","SYSTEM","1"
3831,"20132","SYSTEM","SYSTEM","1"
3831,"20133","SYSTEM","SYSTEM","1"
3831,"20134","SYSTEM","SYSTEM","1"
3831,"20135","SYSTEM","SYSTEM","1"
3831,"20136","SYSTEM","SYSTEM","1"
3831,"20137","SYSTEM","SYSTEM","1"
3831,"20138","SYSTEM","SYSTEM","1"
3831,"20139","SYSTEM","SYSTEM","1"
3831,"20140","SYSTEM","SYSTEM","1"
3831,"20141","SYSTEM","SYSTEM","1"
3831,"20142","SYSTEM","SYSTEM","1"
3831,"20143","SYSTEM","SYSTEM","1"
3831,"20144","SYSTEM","SYSTEM","1"
3831,"20145","SYSTEM","SYSTEM","1"
3831,"20146","SYSTEM","SYSTEM","1"
3831,"20147","SYSTEM","SYSTEM","1"
3831,"20148","SYSTEM","SYSTEM","1"
3831,"20149","SYSTEM","SYSTEM","1"
3831,"20150","SYSTEM","SYSTEM","1"
3831,"20151","SYSTEM","SYSTEM","1"
3831,"20152","SYSTEM","SYSTEM","1"
3831,"20153","SYSTEM","SYSTEM","1"
3831,"20154","SYSTEM","SYSTEM","1"
3831,"20155","SYSTEM","SYSTEM","1"
3831,"20156","SYSTEM","SYSTEM","1"
3831,"20157","SYSTEM","SYSTEM","1"
3831,"20158","SYSTEM","SYSTEM","1"
3831,"20159","SYSTEM","SYSTEM","1"
3831,"20160","SYSTEM","SYSTEM","1"
3831,"20161","SYSTEM","SYSTEM","1"
3831,"20162","SYSTEM","SYSTEM","1"
3868,"41040","SYSTEM","SYSTEM","1"
3868,"41121","SYSTEM","SYSTEM","1"
3868,"41122","SYSTEM","SYSTEM","1"
3868,"41123","SYSTEM","SYSTEM","1"
3868,"41124","SYSTEM","SYSTEM","1"
3868,"41125","SYSTEM","SYSTEM","1"
3868,"41126","SYSTEM","SYSTEM","1"
4141,"00015","SYSTEM","SYSTEM","1"
4141,"00016","SYSTEM","SYSTEM","1"
4208,"40040","SYSTEM","SYSTEM","1"
4305,"80121","SYSTEM","SYSTEM","1"
4305,"80122","SYSTEM","SYSTEM","1"
4305,"80123","SYSTEM","SYSTEM","1"
4305,"80124","SYSTEM","SYSTEM","1"
4305,"80125","SYSTEM","SYSTEM","1"
4305,"80126","SYSTEM","SYSTEM","1"
4305,"80127","SYSTEM","SYSTEM","1"
4305,"80128","SYSTEM","SYSTEM","1"
4305,"80129","SYSTEM","SYSTEM","1"
4305,"80130","SYSTEM","SYSTEM","1"
4305,"80131","SYSTEM","SYSTEM","1"
4305,"80132","SYSTEM","SYSTEM","1"
4305,"80133","SYSTEM","SYSTEM","1"
4305,"80134","SYSTEM","SYSTEM","1"
4305,"80135","SYSTEM","SYSTEM","1"
4305,"80136","SYSTEM","SYSTEM","1"
4305,"80137","SYSTEM","SYSTEM","1"
4305,"80138","SYSTEM","SYSTEM","1"
4305,"80139","SYSTEM","SYSTEM","1"
4305,"80140","SYSTEM","SYSTEM","1"
4305,"80141","SYSTEM","SYSTEM","1"
4305,"80142","SYSTEM","SYSTEM","1"
4305,"80143","SYSTEM","SYSTEM","1"
4305,"80144","SYSTEM","SYSTEM","1"
4305,"80145","SYSTEM","SYSTEM","1"
4305,"80146","SYSTEM","SYSTEM","1"
4305,"80147","SYSTEM","SYSTEM","1"
4485,"58010","SYSTEM","SYSTEM","1"
4598,"35121","SYSTEM","SYSTEM","1"
4598,"35122","SYSTEM","SYSTEM","1"
4598,"35123","SYSTEM","SYSTEM","1"
4598,"35124","SYSTEM","SYSTEM","1"
4598,"35125","SYSTEM","SYSTEM","1"
4598,"35126","SYSTEM","SYSTEM","1"
4598,"35127","SYSTEM","SYSTEM","1"
4598,"35128","SYSTEM","SYSTEM","1"
4598,"35129","SYSTEM","SYSTEM","1"
4598,"35130","SYSTEM","SYSTEM","1"
4598,"35131","SYSTEM","SYSTEM","1"
4598,"35132","SYSTEM","SYSTEM","1"
4598,"35133","SYSTEM","SYSTEM","1"
4598,"35134","SYSTEM","SYSTEM","1"
4598,"35135","SYSTEM","SYSTEM","1"
4598,"35136","SYSTEM","SYSTEM","1"
4598,"35137","SYSTEM","SYSTEM","1"
4598,"35138","SYSTEM","SYSTEM","1"
4598,"35139","SYSTEM","SYSTEM","1"
4598,"35140","SYSTEM","SYSTEM","1"
4598,"35141","SYSTEM","SYSTEM","1"
4598,"35142","SYSTEM","SYSTEM","1"
4598,"35143","SYSTEM","SYSTEM","1"
4600,"84030","SYSTEM","SYSTEM","1"
4636,"90121","SYSTEM","SYSTEM","1"
4636,"90123","SYSTEM","SYSTEM","1"
4636,"90124","SYSTEM","SYSTEM","1"
4636,"90125","SYSTEM","SYSTEM","1"
4636,"90126","SYSTEM","SYSTEM","1"
4636,"90127","SYSTEM","SYSTEM","1"
4636,"90128","SYSTEM","SYSTEM","1"
4636,"90129","SYSTEM","SYSTEM","1"
4636,"90130","SYSTEM","SYSTEM","1"
4636,"90131","SYSTEM","SYSTEM","1"
4636,"90133","SYSTEM","SYSTEM","1"
4636,"90134","SYSTEM","SYSTEM","1"
4636,"90135","SYSTEM","SYSTEM","1"
4636,"90136","SYSTEM","SYSTEM","1"
4636,"90138","SYSTEM","SYSTEM","1"
4636,"90139","SYSTEM","SYSTEM","1"
4636,"90140","SYSTEM","SYSTEM","1"
4636,"90141","SYSTEM","SYSTEM","1"
4636,"90142","SYSTEM","SYSTEM","1"
4636,"90143","SYSTEM","SYSTEM","1"
4636,"90144","SYSTEM","SYSTEM","1"
4636,"90145","SYSTEM","SYSTEM","1"
4636,"90146","SYSTEM","SYSTEM","1"
4636,"90147","SYSTEM","SYSTEM","1"
4636,"90149","SYSTEM","SYSTEM","1"
4636,"90150","SYSTEM","SYSTEM","1"
4636,"90151","SYSTEM","SYSTEM","1"
4683,"43010","SYSTEM","SYSTEM","1"
4683,"43100","SYSTEM","SYSTEM","1"
4683,"43121","SYSTEM","SYSTEM","1"
4683,"43122","SYSTEM","SYSTEM","1"
4683,"43123","SYSTEM","SYSTEM","1"
4683,"43124","SYSTEM","SYSTEM","1"
4683,"43125","SYSTEM","SYSTEM","1"
4683,"43126","SYSTEM","SYSTEM","1"
4788,"06121","SYSTEM","SYSTEM","1"
4788,"06122","SYSTEM","SYSTEM","1"
4788,"06123","SYSTEM","SYSTEM","1"
4788,"06124","SYSTEM","SYSTEM","1"
4788,"06125","SYSTEM","SYSTEM","1"
4788,"06126","SYSTEM","SYSTEM","1"
4788,"06127","SYSTEM","SYSTEM","1"
4788,"06128","SYSTEM","SYSTEM","1"
4788,"06129","SYSTEM","SYSTEM","1"
4788,"06130","SYSTEM","SYSTEM","1"
4788,"06131","SYSTEM","SYSTEM","1"
4788,"06132","SYSTEM","SYSTEM","1"
4788,"06133","SYSTEM","SYSTEM","1"
4788,"06134","SYSTEM","SYSTEM","1"
4788,"06135","SYSTEM","SYSTEM","1"
4789,"61121","SYSTEM","SYSTEM","1"
4789,"61122","SYSTEM","SYSTEM","1"
4792,"65121","SYSTEM","SYSTEM","1"
4792,"65122","SYSTEM","SYSTEM","1"
4792,"65123","SYSTEM","SYSTEM","1"
4792,"65124","SYSTEM","SYSTEM","1"
4792,"65125","SYSTEM","SYSTEM","1"
4792,"65126","SYSTEM","SYSTEM","1"
4792,"65127","SYSTEM","SYSTEM","1"
4792,"65128","SYSTEM","SYSTEM","1"
4792,"65129","SYSTEM","SYSTEM","1"
4834,"29121","SYSTEM","SYSTEM","1"
4834,"29122","SYSTEM","SYSTEM","1"
4841,"81015","SYSTEM","SYSTEM","1"
4964,"56121","SYSTEM","SYSTEM","1"
4964,"56122","SYSTEM","SYSTEM","1"
4964,"56123","SYSTEM","SYSTEM","1"
4964,"56124","SYSTEM","SYSTEM","1"
4964,"56125","SYSTEM","SYSTEM","1"
4964,"56126","SYSTEM","SYSTEM","1"
4964,"56127","SYSTEM","SYSTEM","1"
4964,"56128","SYSTEM","SYSTEM","1"
4972,"51030","SYSTEM","SYSTEM","1"
5326,"48121","SYSTEM","SYSTEM","1"
5326,"48122","SYSTEM","SYSTEM","1"
5326,"48123","SYSTEM","SYSTEM","1"
5326,"48124","SYSTEM","SYSTEM","1"
5326,"48125","SYSTEM","SYSTEM","1"
5343,"89121","SYSTEM","SYSTEM","1"
5343,"89122","SYSTEM","SYSTEM","1"
5343,"89123","SYSTEM","SYSTEM","1"
5343,"89124","SYSTEM","SYSTEM","1"
5343,"89125","SYSTEM","SYSTEM","1"
5343,"89126","SYSTEM","SYSTEM","1"
5343,"89127","SYSTEM","SYSTEM","1"
5343,"89128","SYSTEM","SYSTEM","1"
5343,"89129","SYSTEM","SYSTEM","1"
5343,"89130","SYSTEM","SYSTEM","1"
5343,"89131","SYSTEM","SYSTEM","1"
5343,"89132","SYSTEM","SYSTEM","1"
5343,"89133","SYSTEM","SYSTEM","1"
5343,"89134","SYSTEM","SYSTEM","1"
5343,"89135","SYSTEM","SYSTEM","1"
5345,"42121","SYSTEM","SYSTEM","1"
5345,"42122","SYSTEM","SYSTEM","1"
5345,"42123","SYSTEM","SYSTEM","1"
5345,"42124","SYSTEM","SYSTEM","1"
5521,"58027","SYSTEM","SYSTEM","1"
5562,"00118","SYSTEM","SYSTEM","1"
5562,"00119","SYSTEM","SYSTEM","1"
5562,"00120","SYSTEM","SYSTEM","1"
5562,"00121","SYSTEM","SYSTEM","1"
5562,"00122","SYSTEM","SYSTEM","1"
5562,"00123","SYSTEM","SYSTEM","1"
5562,"00124","SYSTEM","SYSTEM","1"
5562,"00125","SYSTEM","SYSTEM","1"
5562,"00126","SYSTEM","SYSTEM","1"
5562,"00127","SYSTEM","SYSTEM","1"
5562,"00128","SYSTEM","SYSTEM","1"
5562,"00129","SYSTEM","SYSTEM","1"
5562,"00130","SYSTEM","SYSTEM","1"
5562,"00131","SYSTEM","SYSTEM","1"
5562,"00132","SYSTEM","SYSTEM","1"
5562,"00133","SYSTEM","SYSTEM","1"
5562,"00134","SYSTEM","SYSTEM","1"
5562,"00135","SYSTEM","SYSTEM","1"
5562,"00136","SYSTEM","SYSTEM","1"
5562,"00137","SYSTEM","SYSTEM","1"
5562,"00138","SYSTEM","SYSTEM","1"
5562,"00139","SYSTEM","SYSTEM","1"
5562,"00140","SYSTEM","SYSTEM","1"
5562,"00141","SYSTEM","SYSTEM","1"
5562,"00142","SYSTEM","SYSTEM","1"
5562,"00143","SYSTEM","SYSTEM","1"
5562,"00144","SYSTEM","SYSTEM","1"
5562,"00145","SYSTEM","SYSTEM","1"
5562,"00146","SYSTEM","SYSTEM","1"
5562,"00147","SYSTEM","SYSTEM","1"
5562,"00148","SYSTEM","SYSTEM","1"
5562,"00149","SYSTEM","SYSTEM","1"
5562,"00150","SYSTEM","SYSTEM","1"
5562,"00151","SYSTEM","SYSTEM","1"
5562,"00152","SYSTEM","SYSTEM","1"
5562,"00153","SYSTEM","SYSTEM","1"
5562,"00154","SYSTEM","SYSTEM","1"
5562,"00155","SYSTEM","SYSTEM","1"
5562,"00156","SYSTEM","SYSTEM","1"
5562,"00157","SYSTEM","SYSTEM","1"
5562,"00158","SYSTEM","SYSTEM","1"
5562,"00159","SYSTEM","SYSTEM","1"
5562,"00160","SYSTEM","SYSTEM","1"
5562,"00161","SYSTEM","SYSTEM","1"
5562,"00162","SYSTEM","SYSTEM","1"
5562,"00163","SYSTEM","SYSTEM","1"
5562,"00164","SYSTEM","SYSTEM","1"
5562,"00165","SYSTEM","SYSTEM","1"
5562,"00166","SYSTEM","SYSTEM","1"
5562,"00167","SYSTEM","SYSTEM","1"
5562,"00168","SYSTEM","SYSTEM","1"
5562,"00169","SYSTEM","SYSTEM","1"
5562,"00170","SYSTEM","SYSTEM","1"
5562,"00171","SYSTEM","SYSTEM","1"
5562,"00172","SYSTEM","SYSTEM","1"
5562,"00173","SYSTEM","SYSTEM","1"
5562,"00174","SYSTEM","SYSTEM","1"
5562,"00175","SYSTEM","SYSTEM","1"
5562,"00176","SYSTEM","SYSTEM","1"
5562,"00177","SYSTEM","SYSTEM","1"
5562,"00178","SYSTEM","SYSTEM","1"
5562,"00179","SYSTEM","SYSTEM","1"
5562,"00180","SYSTEM","SYSTEM","1"
5562,"00181","SYSTEM","SYSTEM","1"
5562,"00182","SYSTEM","SYSTEM","1"
5562,"00183","SYSTEM","SYSTEM","1"
5562,"00184","SYSTEM","SYSTEM","1"
5562,"00185","SYSTEM","SYSTEM","1"
5562,"00186","SYSTEM","SYSTEM","1"
5562,"00187","SYSTEM","SYSTEM","1"
5562,"00188","SYSTEM","SYSTEM","1"
5562,"00189","SYSTEM","SYSTEM","1"
5562,"00190","SYSTEM","SYSTEM","1"
5562,"00191","SYSTEM","SYSTEM","1"
5562,"00192","SYSTEM","SYSTEM","1"
5562,"00193","SYSTEM","SYSTEM","1"
5562,"00195","SYSTEM","SYSTEM","1"
5562,"00196","SYSTEM","SYSTEM","1"
5562,"00197","SYSTEM","SYSTEM","1"
5562,"00198","SYSTEM","SYSTEM","1"
5562,"00199","SYSTEM","SYSTEM","1"
5710,"84121","SYSTEM","SYSTEM","1"
5710,"84122","SYSTEM","SYSTEM","1"
5710,"84123","SYSTEM","SYSTEM","1"
5710,"84124","SYSTEM","SYSTEM","1"
5710,"84125","SYSTEM","SYSTEM","1"
5710,"84126","SYSTEM","SYSTEM","1"
5710,"84127","SYSTEM","SYSTEM","1"
5710,"84128","SYSTEM","SYSTEM","1"
5710,"84129","SYSTEM","SYSTEM","1"
5710,"84130","SYSTEM","SYSTEM","1"
5710,"84131","SYSTEM","SYSTEM","1"
5710,"84132","SYSTEM","SYSTEM","1"
5710,"84133","SYSTEM","SYSTEM","1"
5710,"84134","SYSTEM","SYSTEM","1"
5710,"84135","SYSTEM","SYSTEM","1"
5894,"56010","SYSTEM","SYSTEM","1"
5894,"56017","SYSTEM","SYSTEM","1"
5931,"51022","SYSTEM","SYSTEM","1"
6280,"07040","SYSTEM","SYSTEM","1"
6288,"40044","SYSTEM","SYSTEM","1"
6467,"50019","SYSTEM","SYSTEM","1"
6740,"74121","SYSTEM","SYSTEM","1"
6740,"74122","SYSTEM","SYSTEM","1"
6740,"74123","SYSTEM","SYSTEM","1"
6874,"10121","SYSTEM","SYSTEM","1"
6874,"10122","SYSTEM","SYSTEM","1"
6874,"10123","SYSTEM","SYSTEM","1"
6874,"10124","SYSTEM","SYSTEM","1"
6874,"10125","SYSTEM","SYSTEM","1"
6874,"10126","SYSTEM","SYSTEM","1"
6874,"10127","SYSTEM","SYSTEM","1"
6874,"10128","SYSTEM","SYSTEM","1"
6874,"10129","SYSTEM","SYSTEM","1"
6874,"10130","SYSTEM","SYSTEM","1"
6874,"10131","SYSTEM","SYSTEM","1"
6874,"10132","SYSTEM","SYSTEM","1"
6874,"10133","SYSTEM","SYSTEM","1"
6874,"10134","SYSTEM","SYSTEM","1"
6874,"10135","SYSTEM","SYSTEM","1"
6874,"10136","SYSTEM","SYSTEM","1"
6874,"10137","SYSTEM","SYSTEM","1"
6874,"10138","SYSTEM","SYSTEM","1"
6874,"10139","SYSTEM","SYSTEM","1"
6874,"10140","SYSTEM","SYSTEM","1"
6874,"10141","SYSTEM","SYSTEM","1"
6874,"10142","SYSTEM","SYSTEM","1"
6874,"10143","SYSTEM","SYSTEM","1"
6874,"10144","SYSTEM","SYSTEM","1"
6874,"10145","SYSTEM","SYSTEM","1"
6874,"10146","SYSTEM","SYSTEM","1"
6874,"10147","SYSTEM","SYSTEM","1"
6874,"10148","SYSTEM","SYSTEM","1"
6874,"10149","SYSTEM","SYSTEM","1"
6874,"10150","SYSTEM","SYSTEM","1"
6874,"10151","SYSTEM","SYSTEM","1"
6874,"10152","SYSTEM","SYSTEM","1"
6874,"10153","SYSTEM","SYSTEM","1"
6874,"10154","SYSTEM","SYSTEM","1"
6874,"10155","SYSTEM","SYSTEM","1"
6874,"10156","SYSTEM","SYSTEM","1"
6993,"38121","SYSTEM","SYSTEM","1"
6993,"38122","SYSTEM","SYSTEM","1"
6993,"38123","SYSTEM","SYSTEM","1"
7032,"34121","SYSTEM","SYSTEM","1"
7032,"34122","SYSTEM","SYSTEM","1"
7032,"34123","SYSTEM","SYSTEM","1"
7032,"34124","SYSTEM","SYSTEM","1"
7032,"34125","SYSTEM","SYSTEM","1"
7032,"34126","SYSTEM","SYSTEM","1"
7032,"34127","SYSTEM","SYSTEM","1"
7032,"34128","SYSTEM","SYSTEM","1"
7032,"34129","SYSTEM","SYSTEM","1"
7032,"34130","SYSTEM","SYSTEM","1"
7032,"34131","SYSTEM","SYSTEM","1"
7032,"34132","SYSTEM","SYSTEM","1"
7032,"34133","SYSTEM","SYSTEM","1"
7032,"34134","SYSTEM","SYSTEM","1"
7032,"34135","SYSTEM","SYSTEM","1"
7032,"34136","SYSTEM","SYSTEM","1"
7032,"34137","SYSTEM","SYSTEM","1"
7032,"34138","SYSTEM","SYSTEM","1"
7032,"34139","SYSTEM","SYSTEM","1"
7032,"34140","SYSTEM","SYSTEM","1"
7032,"34141","SYSTEM","SYSTEM","1"
7032,"34142","SYSTEM","SYSTEM","1"
7032,"34143","SYSTEM","SYSTEM","1"
7032,"34144","SYSTEM","SYSTEM","1"
7032,"34145","SYSTEM","SYSTEM","1"
7032,"34146","SYSTEM","SYSTEM","1"
7032,"34147","SYSTEM","SYSTEM","1"
7032,"34148","SYSTEM","SYSTEM","1"
7032,"34149","SYSTEM","SYSTEM","1"
7032,"34150","SYSTEM","SYSTEM","1"
7032,"34151","SYSTEM","SYSTEM","1"
7210,"11021","SYSTEM","SYSTEM","1"
7210,"11028","SYSTEM","SYSTEM","1"
7269,"30121","SYSTEM","SYSTEM","1"
7269,"30122","SYSTEM","SYSTEM","1"
7269,"30123","SYSTEM","SYSTEM","1"
7269,"30124","SYSTEM","SYSTEM","1"
7269,"30125","SYSTEM","SYSTEM","1"
7269,"30126","SYSTEM","SYSTEM","1"
7269,"30127","SYSTEM","SYSTEM","1"
7269,"30128","SYSTEM","SYSTEM","1"
7269,"30129","SYSTEM","SYSTEM","1"
7269,"30130","SYSTEM","SYSTEM","1"
7269,"30132","SYSTEM","SYSTEM","1"
7269,"30133","SYSTEM","SYSTEM","1"
7269,"30134","SYSTEM","SYSTEM","1"
7269,"30135","SYSTEM","SYSTEM","1"
7269,"30136","SYSTEM","SYSTEM","1"
7269,"30137","SYSTEM","SYSTEM","1"
7269,"30138","SYSTEM","SYSTEM","1"
7269,"30139","SYSTEM","SYSTEM","1"
7269,"30140","SYSTEM","SYSTEM","1"
7269,"30141","SYSTEM","SYSTEM","1"
7269,"30142","SYSTEM","SYSTEM","1"
7269,"30143","SYSTEM","SYSTEM","1"
7269,"30144","SYSTEM","SYSTEM","1"
7269,"30145","SYSTEM","SYSTEM","1"
7269,"30146","SYSTEM","SYSTEM","1"
7269,"30147","SYSTEM","SYSTEM","1"
7269,"30148","SYSTEM","SYSTEM","1"
7269,"30149","SYSTEM","SYSTEM","1"
7269,"30150","SYSTEM","SYSTEM","1"
7269,"30151","SYSTEM","SYSTEM","1"
7269,"30152","SYSTEM","SYSTEM","1"
7269,"30153","SYSTEM","SYSTEM","1"
7269,"30154","SYSTEM","SYSTEM","1"
7269,"30155","SYSTEM","SYSTEM","1"
7269,"30156","SYSTEM","SYSTEM","1"
7269,"30157","SYSTEM","SYSTEM","1"
7269,"30158","SYSTEM","SYSTEM","1"
7269,"30159","SYSTEM","SYSTEM","1"
7269,"30160","SYSTEM","SYSTEM","1"
7269,"30161","SYSTEM","SYSTEM","1"
7269,"30162","SYSTEM","SYSTEM","1"
7269,"30163","SYSTEM","SYSTEM","1"
7269,"30164","SYSTEM","SYSTEM","1"
7269,"30165","SYSTEM","SYSTEM","1"
7269,"30166","SYSTEM","SYSTEM","1"
7269,"30167","SYSTEM","SYSTEM","1"
7269,"30168","SYSTEM","SYSTEM","1"
7269,"30169","SYSTEM","SYSTEM","1"
7269,"30170","SYSTEM","SYSTEM","1"
7269,"30171","SYSTEM","SYSTEM","1"
7269,"30172","SYSTEM","SYSTEM","1"
7269,"30173","SYSTEM","SYSTEM","1"
7269,"30174","SYSTEM","SYSTEM","1"
7269,"30175","SYSTEM","SYSTEM","1"
7269,"30176","SYSTEM","SYSTEM","1"
7301,"37121","SYSTEM","SYSTEM","1"
7301,"37122","SYSTEM","SYSTEM","1"
7301,"37123","SYSTEM","SYSTEM","1"
7301,"37124","SYSTEM","SYSTEM","1"
7301,"37125","SYSTEM","SYSTEM","1"
7301,"37126","SYSTEM","SYSTEM","1"
7301,"37127","SYSTEM","SYSTEM","1"
7301,"37128","SYSTEM","SYSTEM","1"
7301,"37129","SYSTEM","SYSTEM","1"
7301,"37130","SYSTEM","SYSTEM","1"
7301,"37131","SYSTEM","SYSTEM","1"
7301,"37132","SYSTEM","SYSTEM","1"
7301,"37133","SYSTEM","SYSTEM","1"
7301,"37134","SYSTEM","SYSTEM","1"
7301,"37135","SYSTEM","SYSTEM","1"
7301,"37136","SYSTEM","SYSTEM","1"
7301,"37137","SYSTEM","SYSTEM","1"
7301,"37138","SYSTEM","SYSTEM","1"
7301,"37139","SYSTEM","SYSTEM","1"
7301,"37140","SYSTEM","SYSTEM","1"
7301,"37141","SYSTEM","SYSTEM","1"
7301,"37142","SYSTEM","SYSTEM","1"
7337,"55048","SYSTEM","SYSTEM","1"
7413,"37062","SYSTEM","SYSTEM","1"
7611,"00050","SYSTEM","SYSTEM","1"
7611,"00054","SYSTEM","SYSTEM","1"
7692,"28921","SYSTEM","SYSTEM","1"
7692,"28922","SYSTEM","SYSTEM","1"
7692,"28923","SYSTEM","SYSTEM","1"
7692,"28924","SYSTEM","SYSTEM","1"
7692,"28925","SYSTEM","SYSTEM","1"
8035,"47921","SYSTEM","SYSTEM","1"
8035,"47922","SYSTEM","SYSTEM","1"
8035,"47923","SYSTEM","SYSTEM","1"
8035,"47924","SYSTEM","SYSTEM","1"
100919,"22527","SYSTEM","SYSTEM","1"
103517,"35908","SYSTEM","SYSTEM","1"
