CD_RUOLO,CD_ACCESSO,UTCR,UTUV,PG_VER_REC
"ENTE","AMMCOMPENCORECOMPENM","SYSTEM","SYSTEM","1"
"ENTE","AMMCOMPENCORECOMPENV","SYSTEM","SYSTEM","1"
"ENTE","AMMCONSDOCAMMANAGMR","SYSTEM","SYSTEM","1"
"ENTE","AMMCONSDOCAMMATTIVI","SYSTEM","SYSTEM","1"
"ENTE","AMMCONSFECOFONDO","SYSTEM","SYSTEM","1"
"ENTE","AMMDOCFATTELETTV","SYSTEM","SYSTEM","1"
"ENTE","AMMDOCFATTELETTVM","SYSTEM","SYSTEM","1"
"ENTE","AMMDOCGENDOCSGENATTM","SYSTEM","SYSTEM","1"
"ENTE","AMMDOCGENDOCSGENATTV","SYSTEM","SYSTEM","1"
"ENTE","AMMDOCGENDOCSGENPASM","SYSTEM","SYSTEM","1"
"ENTE","AMMDOCGENDOCSGENPASV","SYSTEM","SYSTEM","1"
"ENTE","AMMDOCGENDOCSGENPVPM","SYSTEM","SYSTEM","1"
"ENTE","AMMDOCGENDOCSSTVPGGM","SYSTEM","SYSTEM","1"
"ENTE","AMMDOCPRODOCSDOCPROM","SYSTEM","SYSTEM","1"
"ENTE","AMMFATTURDOCELEPASS","SYSTEM","SYSTEM","1"
"ENTE","AMMFATTURDOCELEPASSV","SYSTEM","SYSTEM","1"
"ENTE","AMMFATTURDOCSFATATTM","SYSTEM","SYSTEM","1"
"ENTE","AMMFATTURDOCSFATATTV","SYSTEM","SYSTEM","1"
"ENTE","AMMFATTURDOCSFATPASM","SYSTEM","SYSTEM","1"
"ENTE","AMMFATTURDOCSFATPASV","SYSTEM","SYSTEM","1"
"ENTE","AMMFATTURDOCSFATPVPM","SYSTEM","SYSTEM","1"
"ENTE","AMMFATTURDOCSFATTFOM","SYSTEM","SYSTEM","1"
"ENTE","AMMFATTURDOCSFPASCLM","SYSTEM","SYSTEM","1"
"ENTE","AMMFATTURDOCSLDCAMMM","SYSTEM","SYSTEM","1"
"ENTE","AMMFATTURDOCSNOTCRDV","SYSTEM","SYSTEM","1"
"ENTE","AMMFATTURDOCSNOTDBTV","SYSTEM","SYSTEM","1"
"ENTE","AMMFATTURDOCSNTCRDAV","SYSTEM","SYSTEM","1"
"ENTE","AMMFATTURDOCSNTDBTAV","SYSTEM","SYSTEM","1"
"ENTE","AMMFATTURINTRA12M","SYSTEM","SYSTEM","1"
"ENTE","AMMFATTURINTRA12V","SYSTEM","SYSTEM","1"
"ENTE","AMMFATTURINTRAINVV","SYSTEM","SYSTEM","1"
"ENTE","AMMFATTURINTRAM","SYSTEM","SYSTEM","1"
"ENTE","AMMFATTURINTRAV","SYSTEM","SYSTEM","1"
"ENTE","AMMFATTURTABRATTCOMM","SYSTEM","SYSTEM","1"
"ENTE","AMMFATTURTABRATTCOMV","SYSTEM","SYSTEM","1"
"ENTE","AMMFATTURTABRBENSERM","SYSTEM","SYSTEM","1"
"ENTE","AMMFATTURTABRBENSERV","SYSTEM","SYSTEM","1"
"ENTE","AMMFATTURTABRCAMBIOM","SYSTEM","SYSTEM","1"
"ENTE","AMMFATTURTABRCAMBIOV","SYSTEM","SYSTEM","1"
"ENTE","AMMFATTURTABRCNDCONM","SYSTEM","SYSTEM","1"
"ENTE","AMMFATTURTABRCNDCONV","SYSTEM","SYSTEM","1"
"ENTE","AMMFATTURTABRCPAM","SYSTEM","SYSTEM","1"
"ENTE","AMMFATTURTABRCPAV","SYSTEM","SYSTEM","1"
"ENTE","AMMFATTURTABRCTGRINM","SYSTEM","SYSTEM","1"
"ENTE","AMMFATTURTABRCTGRINV","SYSTEM","SYSTEM","1"
"ENTE","AMMFATTURTABRGRUIVAM","SYSTEM","SYSTEM","1"
"ENTE","AMMFATTURTABRGRUIVAV","SYSTEM","SYSTEM","1"
"ENTE","AMMFATTURTABRMODEROM","SYSTEM","SYSTEM","1"
"ENTE","AMMFATTURTABRMODEROV","SYSTEM","SYSTEM","1"
"ENTE","AMMFATTURTABRMODINCM","SYSTEM","SYSTEM","1"
"ENTE","AMMFATTURTABRMODINCV","SYSTEM","SYSTEM","1"
"ENTE","AMMFATTURTABRMODTRAM","SYSTEM","SYSTEM","1"
"ENTE","AMMFATTURTABRMODTRAV","SYSTEM","SYSTEM","1"
"ENTE","AMMFATTURTABRNATTRAM","SYSTEM","SYSTEM","1"
"ENTE","AMMFATTURTABRNATTRAV","SYSTEM","SYSTEM","1"
"ENTE","AMMFATTURTABRNOMCOMM","SYSTEM","SYSTEM","1"
"ENTE","AMMFATTURTABRNOMCOMV","SYSTEM","SYSTEM","1"
"ENTE","AMMFATTURTABRSEZIONM","SYSTEM","SYSTEM","1"
"ENTE","AMMFATTURTABRSEZIONV","SYSTEM","SYSTEM","1"
"ENTE","AMMFATTURTABRTARIFFM","SYSTEM","SYSTEM","1"
"ENTE","AMMFATTURTABRTARIFFV","SYSTEM","SYSTEM","1"
"ENTE","AMMFATTURTABRTIPPREM","SYSTEM","SYSTEM","1"
"ENTE","AMMFATTURTABRTIPPREV","SYSTEM","SYSTEM","1"
"ENTE","AMMFATTURTABRTIPSEZM","SYSTEM","SYSTEM","1"
"ENTE","AMMFATTURTABRTIPSEZV","SYSTEM","SYSTEM","1"
"ENTE","AMMFATTURTABRVALSTRM","SYSTEM","SYSTEM","1"
"ENTE","AMMFATTURTABRVALSTRV","SYSTEM","SYSTEM","1"
"ENTE","AMMFATTURTABRVOCIVAM","SYSTEM","SYSTEM","1"
"ENTE","AMMFATTURTABRVOCIVAV","SYSTEM","SYSTEM","1"
"ENTE","AMMFDECONCOREFDECONM","SYSTEM","SYSTEM","1"
"ENTE","AMMFDECONCOREFDECONV","SYSTEM","SYSTEM","1"
"ENTE","AMMFDECONCORESPECONM","SYSTEM","SYSTEM","1"
"ENTE","AMMFDECONCORESPECONV","SYSTEM","SYSTEM","1"
"ENTE","AMMFDECONCORESTVPGFM","SYSTEM","SYSTEM","1"
"ENTE","AMMINVCONSASSDISP","SYSTEM","SYSTEM","1"
"ENTE","AMMINVCONSIMPASS","SYSTEM","SYSTEM","1"
"ENTE","AMMINVCONSINVEP","SYSTEM","SYSTEM","1"
"ENTE","AMMINVCONSINVRIC","SYSTEM","SYSTEM","1"
"ENTE","AMMINVCONSINVUTIL","SYSTEM","SYSTEM","1"
"ENTE","AMMINVCONSQUOUTIL","SYSTEM","SYSTEM","1"
"ENTE","AMMINVCONSREGINV","SYSTEM","SYSTEM","1"
"ENTE","AMMINVENTCOREASINBNM","SYSTEM","SYSTEM","1"
"ENTE","AMMINVENTCORECARINVM","SYSTEM","SYSTEM","1"
"ENTE","AMMINVENTCORECARINVV","SYSTEM","SYSTEM","1"
"ENTE","AMMINVENTCOREGESTBEM","SYSTEM","SYSTEM","1"
"ENTE","AMMINVENTCOREGESTBEU","SYSTEM","SYSTEM","1"
"ENTE","AMMINVENTCOREGESTBEV","SYSTEM","SYSTEM","1"
"ENTE","AMMINVENTCOREREGINVM","SYSTEM","SYSTEM","1"
"ENTE","AMMINVENTCORESCAINVM","SYSTEM","SYSTEM","1"
"ENTE","AMMINVENTCORESCAINVV","SYSTEM","SYSTEM","1"
"ENTE","AMMINVENTCORESTNOUTM","SYSTEM","SYSTEM","1"
"ENTE","AMMINVENTCORETRSEXTM","SYSTEM","SYSTEM","1"
"ENTE","AMMINVENTCORETRSINTM","SYSTEM","SYSTEM","1"
"ENTE","AMMINVENTCORETRSINVM","SYSTEM","SYSTEM","1"
"ENTE","AMMINVENTSTASSBEFAM","SYSTEM","SYSTEM","1"
"ENTE","AMMINVENTTABRCONBENM","SYSTEM","SYSTEM","1"
"ENTE","AMMINVENTTABRCONBENV","SYSTEM","SYSTEM","1"
"ENTE","AMMINVENTTABRIDINVEM","SYSTEM","SYSTEM","1"
"ENTE","AMMINVENTTABRIDINVEV","SYSTEM","SYSTEM","1"
"ENTE","AMMINVENTTABRINVCONM","SYSTEM","SYSTEM","1"
"ENTE","AMMINVENTTABRINVCONV","SYSTEM","SYSTEM","1"
"ENTE","AMMINVENTTABRINVEACM","SYSTEM","SYSTEM","1"
"ENTE","AMMINVENTTABRINVEACV","SYSTEM","SYSTEM","1"
"ENTE","AMMINVENTTABRTIAMMOM","SYSTEM","SYSTEM","1"
"ENTE","AMMINVENTTABRTIAMMOV","SYSTEM","SYSTEM","1"
"ENTE","AMMINVENTTABRTIMOVIM","SYSTEM","SYSTEM","1"
"ENTE","AMMINVENTTABRTIMOVIV","SYSTEM","SYSTEM","1"
"ENTE","AMMINVENTTABRUBICAZM","SYSTEM","SYSTEM","1"
"ENTE","AMMINVENTTABRUBICAZV","SYSTEM","SYSTEM","1"
"ENTE","AMMLIQIVACORELIQDEFM","SYSTEM","SYSTEM","1"
"ENTE","AMMLIQIVACORELIQPRVM","SYSTEM","SYSTEM","1"
"ENTE","AMMMISSIOCOREANTICIM","SYSTEM","SYSTEM","1"
"ENTE","AMMMISSIOCOREANTICIV","SYSTEM","SYSTEM","1"
"ENTE","AMMMISSIOCOREMISSIOM","SYSTEM","SYSTEM","1"
"ENTE","AMMMISSIOCOREMISSIOV","SYSTEM","SYSTEM","1"
"ENTE","AMMMISSIOCORESTVPGMM","SYSTEM","SYSTEM","1"
"ENTE","AMMMISSIOTABRABBATTM","SYSTEM","SYSTEM","1"
"ENTE","AMMMISSIOTABRABBATTV","SYSTEM","SYSTEM","1"
"ENTE","AMMMISSIOTABRDIARIAM","SYSTEM","SYSTEM","1"
"ENTE","AMMMISSIOTABRDIARIAV","SYSTEM","SYSTEM","1"
"ENTE","AMMMISSIOTABRQUOTARM","SYSTEM","SYSTEM","1"
"ENTE","AMMMISSIOTABRQUOTARV","SYSTEM","SYSTEM","1"
"ENTE","AMMMISSIOTABRRIMBKMM","SYSTEM","SYSTEM","1"
"ENTE","AMMMISSIOTABRRIMBKMV","SYSTEM","SYSTEM","1"
"ENTE","AMMMISSIOTABRTFAUTOM","SYSTEM","SYSTEM","1"
"ENTE","AMMMISSIOTABRTFAUTOV","SYSTEM","SYSTEM","1"
"ENTE","AMMMISSIOTABRTIPASTM","SYSTEM","SYSTEM","1"
"ENTE","AMMMISSIOTABRTIPASTV","SYSTEM","SYSTEM","1"
"ENTE","AMMMISSIOTABRTIPMISM","SYSTEM","SYSTEM","1"
"ENTE","AMMMISSIOTABRTIPMISV","SYSTEM","SYSTEM","1"
"ENTE","AMMMISSIOTABRTIPSPEM","SYSTEM","SYSTEM","1"
"ENTE","AMMMISSIOTABRTIPSPEV","SYSTEM","SYSTEM","1"
"ENTE","AMMREGIVACORESTDFRGM","SYSTEM","SYSTEM","1"
"ENTE","AMMREGIVACORESTPRRGM","SYSTEM","SYSTEM","1"
"ENTE","AMMRISTAMDOCSRISTAMM","SYSTEM","SYSTEM","1"
"ENTE","CFGANAGCFCOREANAGCFM","SYSTEM","SYSTEM","1"
"ENTE","CFGANAGCFCOREANAGCFV","SYSTEM","SYSTEM","1"
"ENTE","CFGANAGCFCOREATERCFM","SYSTEM","SYSTEM","1"
"ENTE","CFGANAGCFCOREATERCFV","SYSTEM","SYSTEM","1"
"TUTTO","AMMCOMPENTABRESADDCV","SYSTEM","SYSTEM","1"
"TUTTO","AMMCOMPENTABRGRCRM","SYSTEM","SYSTEM","1"
"TUTTO","AMMCOMPENTABRGRCRUM","SYSTEM","SYSTEM","1"
"TUTTO","AMMCOMPENTABRGRCRUV","SYSTEM","SYSTEM","1"
"TUTTO","AMMCOMPENTABRGRCRV","SYSTEM","SYSTEM","1"
"TUTTO","AMMCOMPENTABRSCAGLIM","SYSTEM","SYSTEM","1"
"TUTTO","AMMCOMPENTABRSCAGLIU","SYSTEM","SYSTEM","1"
"TUTTO","AMMCOMPENTABRSCAGLIV","SYSTEM","SYSTEM","1"
"TUTTO","AMMCOMPENTABRTICONTM","SYSTEM","SYSTEM","1"
"TUTTO","AMMCOMPENTABRTICONTV","SYSTEM","SYSTEM","1"
"TUTTO","AMMCOMPENTABRTICRBM","SYSTEM","SYSTEM","1"
"TUTTO","AMMCOMPENTABRTICRBV","SYSTEM","SYSTEM","1"
"TUTTO","AMMCOMPENTABRTIRISCM","SYSTEM","SYSTEM","1"
"TUTTO","AMMCOMPENTABRTIRISCV","SYSTEM","SYSTEM","1"
"TUTTO","AMMCOMPENTABRTITRATM","SYSTEM","SYSTEM","1"
"TUTTO","AMMCOMPENTABRTITRATV","SYSTEM","SYSTEM","1"
"TUTTO","AMMCOMPENTABRTRCORIM","SYSTEM","SYSTEM","1"
"TUTTO","AMMCOMPENTABRTRCORIV","SYSTEM","SYSTEM","1"
"TUTTO","AMMCONGUACORECONGUAM","SYSTEM","SYSTEM","1"
"TUTTO","AMMCONGUACORECONGUAV","SYSTEM","SYSTEM","1"
"TUTTO","AMMCONGUACORESTCONGM","SYSTEM","SYSTEM","1"
"TUTTO","AMMCONSDOCAMMANAGMR","SYSTEM","SYSTEM","1"
"TUTTO","AMMCONSDOCAMMATTIVI","SYSTEM","SYSTEM","1"
"TUTTO","AMMCONSFECOFONDO","SYSTEM","SYSTEM","1"
"TUTTO","AMMDOCFATTELETTV","SYSTEM","SYSTEM","1"
"TUTTO","AMMDOCFATTELETTVM","SYSTEM","SYSTEM","1"
"TUTTO","AMMDOCGENDOCSGENATTM","SYSTEM","SYSTEM","1"
"TUTTO","AMMDOCGENDOCSGENATTV","SYSTEM","SYSTEM","1"
"TUTTO","AMMDOCGENDOCSGENPASM","SYSTEM","SYSTEM","1"
"TUTTO","AMMDOCGENDOCSGENPASV","SYSTEM","SYSTEM","1"
"TUTTO","AMMDOCGENDOCSGENPVPM","SYSTEM","SYSTEM","1"
"TUTTO","AMMDOCGENDOCSSTVPGGM","SYSTEM","SYSTEM","1"
"TUTTO","AMMDOCPRODOCSDOCPROM","SYSTEM","SYSTEM","1"
"TUTTO","AMMDOCPRODOCSDOCPROV","SYSTEM","SYSTEM","1"
"TUTTO","AMMFATTURBLACKM","SYSTEM","SYSTEM","1"
"TUTTO","AMMFATTURBLACKV","SYSTEM","SYSTEM","1"
"TUTTO","AMMFATTURDOCELEADMIN","SYSTEM","SYSTEM","1"
"TUTTO","AMMFATTURDOCELEPASS","SYSTEM","SYSTEM","1"
"TUTTO","AMMFATTURDOCELEPASSV","SYSTEM","SYSTEM","1"
"TUTTO","AMMFATTURDOCSFATATTM","SYSTEM","SYSTEM","1"
"TUTTO","AMMFATTURDOCSFATATTV","SYSTEM","SYSTEM","1"
"TUTTO","AMMFATTURDOCSFATPASA","SYSTEM","SYSTEM","1"
"TUTTO","AMMFATTURDOCSFATPASE","SYSTEM","SYSTEM","1"
"TUTTO","AMMFATTURDOCSFATPASM","SYSTEM","SYSTEM","1"
"TUTTO","AMMFATTURDOCSFATPASV","SYSTEM","SYSTEM","1"
"TUTTO","AMMFATTURDOCSFATPVPM","SYSTEM","SYSTEM","1"
"TUTTO","AMMFATTURDOCSFATTFOM","SYSTEM","SYSTEM","1"
"TUTTO","AMMFATTURDOCSFPASCLM","SYSTEM","SYSTEM","1"
"TUTTO","AMMFATTURDOCSLDCAMMM","SYSTEM","SYSTEM","1"
"TUTTO","AMMFATTURDOCSNOTCRDV","SYSTEM","SYSTEM","1"
"TUTTO","AMMFATTURDOCSNOTDBTV","SYSTEM","SYSTEM","1"
"TUTTO","AMMFATTURDOCSNTCRDAV","SYSTEM","SYSTEM","1"
"TUTTO","AMMFATTURDOCSNTDBTAV","SYSTEM","SYSTEM","1"
"TUTTO","AMMFATTURINTRA12M","SYSTEM","SYSTEM","1"
"TUTTO","AMMFATTURINTRA12V","SYSTEM","SYSTEM","1"
"TUTTO","AMMFATTURINTRAINVV","SYSTEM","SYSTEM","1"
"TUTTO","AMMFATTURINTRAM","SYSTEM","SYSTEM","1"
"TUTTO","AMMFATTURINTRAV","SYSTEM","SYSTEM","1"
"TUTTO","AMMFATTURPOLIM","SYSTEM","SYSTEM","1"
"TUTTO","AMMFATTURTABRATTCOMM","SYSTEM","SYSTEM","1"
"TUTTO","AMMFATTURTABRATTCOMV","SYSTEM","SYSTEM","1"
"TUTTO","AMMFATTURTABRBENSERM","SYSTEM","SYSTEM","1"
"TUTTO","AMMFATTURTABRBENSERV","SYSTEM","SYSTEM","1"
"TUTTO","AMMFATTURTABRCAMBIOM","SYSTEM","SYSTEM","1"
"TUTTO","AMMFATTURTABRCAMBIOV","SYSTEM","SYSTEM","1"
"TUTTO","AMMFATTURTABRCNDCONM","SYSTEM","SYSTEM","1"
"TUTTO","AMMFATTURTABRCNDCONV","SYSTEM","SYSTEM","1"
"TUTTO","AMMFATTURTABRCPAM","SYSTEM","SYSTEM","1"
"TUTTO","AMMFATTURTABRCPAV","SYSTEM","SYSTEM","1"
"TUTTO","AMMFATTURTABRCTGRINM","SYSTEM","SYSTEM","1"
"TUTTO","AMMFATTURTABRCTGRINV","SYSTEM","SYSTEM","1"
"TUTTO","AMMFATTURTABRGRUIVAM","SYSTEM","SYSTEM","1"
"TUTTO","AMMFATTURTABRGRUIVAV","SYSTEM","SYSTEM","1"
"TUTTO","AMMFATTURTABRMODEROM","SYSTEM","SYSTEM","1"
"TUTTO","AMMFATTURTABRMODEROV","SYSTEM","SYSTEM","1"
"TUTTO","AMMFATTURTABRMODINCM","SYSTEM","SYSTEM","1"
"TUTTO","AMMFATTURTABRMODINCV","SYSTEM","SYSTEM","1"
"TUTTO","AMMFATTURTABRMODTRAM","SYSTEM","SYSTEM","1"
"TUTTO","AMMFATTURTABRMODTRAV","SYSTEM","SYSTEM","1"
"TUTTO","AMMFATTURTABRNATTRAM","SYSTEM","SYSTEM","1"
"TUTTO","AMMFATTURTABRNATTRAV","SYSTEM","SYSTEM","1"
"TUTTO","AMMFATTURTABRNOMCOMM","SYSTEM","SYSTEM","1"
"TUTTO","AMMFATTURTABRNOMCOMV","SYSTEM","SYSTEM","1"
"TUTTO","AMMFATTURTABRSEZIONM","SYSTEM","SYSTEM","1"
"TUTTO","AMMFATTURTABRSEZIONV","SYSTEM","SYSTEM","1"
"TUTTO","AMMFATTURTABRTARIFFM","SYSTEM","SYSTEM","1"
"TUTTO","AMMFATTURTABRTARIFFV","SYSTEM","SYSTEM","1"
"TUTTO","AMMFATTURTABRTIPPREM","SYSTEM","SYSTEM","1"
"TUTTO","AMMFATTURTABRTIPPREV","SYSTEM","SYSTEM","1"
"TUTTO","AMMFATTURTABRTIPSEZM","SYSTEM","SYSTEM","1"
"TUTTO","AMMFATTURTABRTIPSEZV","SYSTEM","SYSTEM","1"
"TUTTO","AMMFATTURTABRVALSTRM","SYSTEM","SYSTEM","1"
"TUTTO","AMMFATTURTABRVALSTRV","SYSTEM","SYSTEM","1"
"TUTTO","AMMFATTURTABRVOCIVAM","SYSTEM","SYSTEM","1"
"TUTTO","AMMFATTURTABRVOCIVAV","SYSTEM","SYSTEM","1"
"TUTTO","AMMFDECONCOREFDECONM","SYSTEM","SYSTEM","1"
"TUTTO","AMMFDECONCOREFDECONV","SYSTEM","SYSTEM","1"
"TUTTO","AMMFDECONCORESPECONM","SYSTEM","SYSTEM","1"
"TUTTO","AMMFDECONCORESPECONV","SYSTEM","SYSTEM","1"
"TUTTO","AMMFDECONCORESTVPGFM","SYSTEM","SYSTEM","1"
"TUTTO","AMMGESREGCOREGESREGM","SYSTEM","SYSTEM","1"
"TUTTO","AMMINVCONSASSDISP","SYSTEM","SYSTEM","1"
"TUTTO","AMMINVCONSIMPASS","SYSTEM","SYSTEM","1"
"TUTTO","AMMINVCONSINVEP","SYSTEM","SYSTEM","1"
"TUTTO","AMMINVCONSINVRIC","SYSTEM","SYSTEM","1"
"TUTTO","AMMINVCONSINVUTIL","SYSTEM","SYSTEM","1"
"TUTTO","AMMINVCONSQUOUTIL","SYSTEM","SYSTEM","1"
"TUTTO","AMMINVCONSREGINV","SYSTEM","SYSTEM","1"
"TUTTO","AMMINVENTCOREASINBNM","SYSTEM","SYSTEM","1"
"TUTTO","AMMINVENTCORECARINVM","SYSTEM","SYSTEM","1"
"TUTTO","AMMINVENTCORECARINVV","SYSTEM","SYSTEM","1"
"TUTTO","AMMINVENTCOREGESTBEM","SYSTEM","SYSTEM","1"
"TUTTO","AMMINVENTCOREGESTBEU","SYSTEM","SYSTEM","1"
"TUTTO","AMMINVENTCOREGESTBEV","SYSTEM","SYSTEM","1"
"TUTTO","AMMINVENTCOREREGINVM","SYSTEM","SYSTEM","1"
"TUTTO","AMMINVENTCORESCAINVM","SYSTEM","SYSTEM","1"
"TUTTO","AMMINVENTCORESCAINVV","SYSTEM","SYSTEM","1"
"TUTTO","AMMINVENTCORESTNOUTM","SYSTEM","SYSTEM","1"
"TUTTO","AMMINVENTCORETRSEXTM","SYSTEM","SYSTEM","1"
"TUTTO","AMMINVENTCORETRSINTM","SYSTEM","SYSTEM","1"
"TUTTO","AMMINVENTCORETRSINVM","SYSTEM","SYSTEM","1"
"TUTTO","AMMINVENTSTASSBEFAM","SYSTEM","SYSTEM","1"
"TUTTO","AMMINVENTTABRCONBENM","SYSTEM","SYSTEM","1"
"TUTTO","AMMINVENTTABRCONBENV","SYSTEM","SYSTEM","1"
"TUTTO","AMMINVENTTABRIDINVEM","SYSTEM","SYSTEM","1"
"TUTTO","AMMINVENTTABRIDINVEV","SYSTEM","SYSTEM","1"
"TUTTO","AMMINVENTTABRINVCONM","SYSTEM","SYSTEM","1"
"TUTTO","AMMINVENTTABRINVCONV","SYSTEM","SYSTEM","1"
"TUTTO","AMMINVENTTABRINVEACM","SYSTEM","SYSTEM","1"
"TUTTO","AMMINVENTTABRINVEACV","SYSTEM","SYSTEM","1"
"TUTTO","AMMINVENTTABRTIAMMOM","SYSTEM","SYSTEM","1"
"TUTTO","AMMINVENTTABRTIAMMOV","SYSTEM","SYSTEM","1"
"TUTTO","AMMINVENTTABRTIMOVIM","SYSTEM","SYSTEM","1"
"TUTTO","AMMINVENTTABRTIMOVIV","SYSTEM","SYSTEM","1"
"TUTTO","AMMINVENTTABRUBICAZM","SYSTEM","SYSTEM","1"
"TUTTO","AMMINVENTTABRUBICAZV","SYSTEM","SYSTEM","1"
"TUTTO","AMMLIQIVACORECDIVAAM","SYSTEM","SYSTEM","1"
"TUTTO","AMMLIQIVACORECDIVAVM","SYSTEM","SYSTEM","1"
"TUTTO","AMMLIQIVACORECHIMENM","SYSTEM","SYSTEM","1"
"TUTTO","AMMLIQIVACOREINTERFM","SYSTEM","SYSTEM","1"
"TUTTO","AMMLIQIVACOREINTERFV","SYSTEM","SYSTEM","1"
"TUTTO","AMMLIQIVACORELIQANNM","SYSTEM","SYSTEM","1"
"TUTTO","AMMLIQIVACORELIQDEFM","SYSTEM","SYSTEM","1"
"TUTTO","AMMLIQIVACORELIQMASM","SYSTEM","SYSTEM","1"
"TUTTO","AMMLIQIVACORELIQPRVM","SYSTEM","SYSTEM","1"
"TUTTO","AMMLIQIVACORERIQUVEM","SYSTEM","SYSTEM","1"
"TUTTO","AMMLIQIVACORERIQUVFM","SYSTEM","SYSTEM","1"
"TUTTO","AMMMINCARCORELIQUMCM","SYSTEM","SYSTEM","1"
"TUTTO","AMMMINCARCOREMINCARM","SYSTEM","SYSTEM","1"
"TUTTO","AMMMINCARCOREMINCARV","SYSTEM","SYSTEM","1"
"TUTTO","AMMMINCARCORESTPCOMM","SYSTEM","SYSTEM","1"
"TUTTO","AMMMISSIOCOREANTICIM","SYSTEM","SYSTEM","1"
"TUTTO","AMMMISSIOCOREANTICIV","SYSTEM","SYSTEM","1"
"TUTTO","AMMMISSIOCOREMISSIOM","SYSTEM","SYSTEM","1"
"TUTTO","AMMMISSIOCOREMISSIOV","SYSTEM","SYSTEM","1"
"TUTTO","AMMMISSIOCORESTVPGMM","SYSTEM","SYSTEM","1"
"TUTTO","AMMMISSIOTABRABBATTM","SYSTEM","SYSTEM","1"
"TUTTO","AMMMISSIOTABRABBATTV","SYSTEM","SYSTEM","1"
"TUTTO","AMMMISSIOTABRDIARIAM","SYSTEM","SYSTEM","1"
"TUTTO","AMMMISSIOTABRDIARIAV","SYSTEM","SYSTEM","1"
"TUTTO","AMMMISSIOTABRQUOTARM","SYSTEM","SYSTEM","1"
"TUTTO","AMMMISSIOTABRQUOTARV","SYSTEM","SYSTEM","1"
"TUTTO","AMMMISSIOTABRRIMBKMM","SYSTEM","SYSTEM","1"
"TUTTO","AMMMISSIOTABRRIMBKMV","SYSTEM","SYSTEM","1"
"TUTTO","AMMMISSIOTABRTFAUTOM","SYSTEM","SYSTEM","1"
"TUTTO","AMMMISSIOTABRTFAUTOV","SYSTEM","SYSTEM","1"
"TUTTO","AMMMISSIOTABRTIPASTM","SYSTEM","SYSTEM","1"
"TUTTO","AMMMISSIOTABRTIPASTV","SYSTEM","SYSTEM","1"
"TUTTO","AMMMISSIOTABRTIPMISM","SYSTEM","SYSTEM","1"
"TUTTO","AMMMISSIOTABRTIPMISV","SYSTEM","SYSTEM","1"
"TUTTO","AMMMISSIOTABRTIPSPEM","SYSTEM","SYSTEM","1"
"TUTTO","AMMMISSIOTABRTIPSPEV","SYSTEM","SYSTEM","1"
"TUTTO","AMMREGIVACORESTDFRGM","SYSTEM","SYSTEM","1"
"TUTTO","AMMREGIVACORESTPRRGM","SYSTEM","SYSTEM","1"
"TUTTO","AMMRIEENTCOREDEFENTM","SYSTEM","SYSTEM","1"
"TUTTO","AMMRIEENTCOREPRVENTM","SYSTEM","SYSTEM","1"
"TUTTO","AMMRIEIVACOREESDIFDM","SYSTEM","SYSTEM","1"
"TUTTO","AMMRIEIVACOREESDIFPM","SYSTEM","SYSTEM","1"
"TUTTO","AMMRIEIVACORERIEDFNM","SYSTEM","SYSTEM","1"
"TUTTO","AMMRIEIVACORERIEENTM","SYSTEM","SYSTEM","1"
"TUTTO","AMMRIEIVACORERIEPRVM","SYSTEM","SYSTEM","1"
"TUTTO","AMMRIEIVACORERIESDFM","SYSTEM","SYSTEM","1"
"TUTTO","AMMRIEPCOMPV","SYSTEM","SYSTEM","1"
"TUTTO","AMMRISTAMDOCSRISTAMM","SYSTEM","SYSTEM","1"
"TUTTO","CFGANAGCFCOREAMMICFM","SYSTEM","SYSTEM","1"
"TUTTO","CFGANAGCFCOREAMMICFV","SYSTEM","SYSTEM","1"
"TUTTO","CFGANAGCFCOREANAGCFM","SYSTEM","SYSTEM","1"
"TUTTO","CFGANAGCFCOREANAGCFV","SYSTEM","SYSTEM","1"
"TUTTO","CFGANAGCFCOREANAGSOM","SYSTEM","SYSTEM","1"
"TUTTO","CFGANAGCFCOREANAGSOV","SYSTEM","SYSTEM","1"
"TUTTO","CFGANAGCFCOREATERCFM","SYSTEM","SYSTEM","1"
"TUTTO","CFGANAGCFCOREATERCFV","SYSTEM","SYSTEM","1"
"TUTTO","CFGANAGCFCOREDELBANM","SYSTEM","SYSTEM","1"
"TUTTO","CFGANAGCFCORESIMDIPM","SYSTEM","SYSTEM","1"
"TUTTO","CFGANAGCFCORESPRDIPM","SYSTEM","SYSTEM","1"
"TUTTO","CFGANAGCFTABRABICABM","SYSTEM","SYSTEM","1"
"TUTTO","CFGANAGCFTABRABICABV","SYSTEM","SYSTEM","1"
"TUTTO","CFGANAGCFTABRCLANAGM","SYSTEM","SYSTEM","1"
"TUTTO","CFGANAGCFTABRCLANAGV","SYSTEM","SYSTEM","1"
"TUTTO","CFGANAGCFTABRCOMESTM","SYSTEM","SYSTEM","1"
"TUTTO","CFGANAGCFTABRCOMESTV","SYSTEM","SYSTEM","1"
"TUTTO","CFGANAGCFTABRISTATM","SYSTEM","SYSTEM","1"
"TUTTO","CFGANAGCFTABRISTATV","SYSTEM","SYSTEM","1"
"TUTTO","CFGANAGCFTABRMODPAGM","SYSTEM","SYSTEM","1"
"TUTTO","CFGANAGCFTABRMODPAGV","SYSTEM","SYSTEM","1"
"TUTTO","CFGANAGCFTABRRAPLEGM","SYSTEM","SYSTEM","1"
"TUTTO","CFGANAGCFTABRRAPLEGV","SYSTEM","SYSTEM","1"
"TUTTO","CFGANAGCFTABRRIFINQM","SYSTEM","SYSTEM","1"
"TUTTO","CFGANAGCFTABRRIFINQV","SYSTEM","SYSTEM","1"
"TUTTO","CFGANAGCFTABRTERAREM","SYSTEM","SYSTEM","1"
"TUTTO","CFGANAGCFTABRTERAREV","SYSTEM","SYSTEM","1"
"TUTTO","CFGANAGCFTABRTERCAPM","SYSTEM","SYSTEM","1"
"TUTTO","CFGANAGCFTABRTERCAPV","SYSTEM","SYSTEM","1"
"TUTTO","CFGANAGCFTABRTERCOMM","SYSTEM","SYSTEM","1"
"TUTTO","CFGANAGCFTABRTERCOMV","SYSTEM","SYSTEM","1"
"TUTTO","CFGANAGCFTABRTERNAZM","SYSTEM","SYSTEM","1"
"TUTTO","CFGANAGCFTABRTERNAZV","SYSTEM","SYSTEM","1"
"TUTTO","CFGANAGCFTABRTERPAGM","SYSTEM","SYSTEM","1"
"TUTTO","CFGANAGCFTABRTERPAGV","SYSTEM","SYSTEM","1"
"TUTTO","CFGANAGCFTABRTIPRAPM","SYSTEM","SYSTEM","1"
"TUTTO","CFGANAGCFTABRTIPRAPV","SYSTEM","SYSTEM","1"
"TUTTO","CFGASSEGNIRICERCPRCM","SYSTEM","SYSTEM","1"
"TUTTO","CFGASSEGNIRICERCPRCV","SYSTEM","SYSTEM","1"
"TUTTO","CFGBATCHLCOREBATCHLM","SYSTEM","SYSTEM","1"
"TUTTO","CFGBATCHLCOREBATCHLV","SYSTEM","SYSTEM","1"
"TUTTO","CFGBLTACCORDIM","SYSTEM","SYSTEM","1"
"TUTTO","CFGBLTACCORDIV","SYSTEM","SYSTEM","1"
"TUTTO","CFGBLTVISITEM","SYSTEM","SYSTEM","1"
"TUTTO","CFGBLTVISITEV","SYSTEM","SYSTEM","1"
"TUTTO","CFGBORSESTUDIOPRCM","SYSTEM","SYSTEM","1"
"TUTTO","CFGBORSESTUDIOPRCV","SYSTEM","SYSTEM","1"
"TUTTO","CFGCDPCFGCOREASSEVPM","SYSTEM","SYSTEM","1"
"TUTTO","CFGCDPCFGCOREASSEVPV","SYSTEM","SYSTEM","1"
"TUTTO","CFGCIGM","SYSTEM","SYSTEM","1"
"TUTTO","CFGCIGV","SYSTEM","SYSTEM","1"
"TUTTO","CFGCONSLOGSAPPV","SYSTEM","SYSTEM","1"
"TUTTO","CFGCONTRATTOANAGM","SYSTEM","SYSTEM","1"
"TUTTO","CFGCONTRATTOANAGV","SYSTEM","SYSTEM","1"
"TUTTO","CFGCONTRATTOATTOM","SYSTEM","SYSTEM","1"
"TUTTO","CFGCONTRATTOATTOV","SYSTEM","SYSTEM","1"
"TUTTO","CFGCONTRATTOCONS","SYSTEM","SYSTEM","1"
"TUTTO","CFGCONTRATTOMASTER","SYSTEM","SYSTEM","1"
"TUTTO","CFGCONTRATTOORGANOM","SYSTEM","SYSTEM","1"
"TUTTO","CFGCONTRATTOORGANOV","SYSTEM","SYSTEM","1"
"TUTTO","CFGCONTRATTOPROCAMMM","SYSTEM","SYSTEM","1"
"TUTTO","CFGCONTRATTOPROCAMMV","SYSTEM","SYSTEM","1"
"TUTTO","CFGCONTRATTOSTAMPM","SYSTEM","SYSTEM","1"
"TUTTO","CFGCONTRATTOTIPOM","SYSTEM","SYSTEM","1"
"TUTTO","CFGCONTRATTOTIPOV","SYSTEM","SYSTEM","1"
"TUTTO","CFGESERCICOREESERCIM","SYSTEM","SYSTEM","1"
"TUTTO","CFGESERCICOREESERCIV","SYSTEM","SYSTEM","1"
"TUTTO","CFGESTPARAMENTECOMUM","SYSTEM","SYSTEM","1"
"TUTTO","CFGEXCELCCORERECODAM","SYSTEM","SYSTEM","1"
"TUTTO","CFGFILEEXCELLOBM","SYSTEM","SYSTEM","1"
"TUTTO","CFGFILEEXCELLOBV","SYSTEM","SYSTEM","1"
"TUTTO","CFGGESFESCOREGESFESM","SYSTEM","SYSTEM","1"
"TUTTO","CFGGESFESCOREGESFESV","SYSTEM","SYSTEM","1"
"TUTTO","CFGGESMSGCOREGESMSGM","SYSTEM","SYSTEM","1"
"TUTTO","CFGGESMSGCOREGESMSGV","SYSTEM","SYSTEM","1"
"TUTTO","CFGGESTUTENZEFIRMM","SYSTEM","SYSTEM","1"
"TUTTO","CFGGESTUTENZEFIRMV","SYSTEM","SYSTEM","1"
"TUTTO","CFGINCARASSBORSV","SYSTEM","SYSTEM","1"
"TUTTO","CFGINCARICHIATTINCM","SYSTEM","SYSTEM","1"
"TUTTO","CFGINCARICHIATTINCV","SYSTEM","SYSTEM","1"
"TUTTO","CFGINCARICHIINCPRCM","SYSTEM","SYSTEM","1"
"TUTTO","CFGINCARICHIINCPRCV","SYSTEM","SYSTEM","1"
"TUTTO","CFGINCARICHIINCREPM","SYSTEM","SYSTEM","1"
"TUTTO","CFGINCARICHIINCREPV","SYSTEM","SYSTEM","1"
"TUTTO","CFGINCARICHIINCRICM","SYSTEM","SYSTEM","1"
"TUTTO","CFGINCARICHIINCRICV","SYSTEM","SYSTEM","1"
"TUTTO","CFGINCARICHIREPLIMM","SYSTEM","SYSTEM","1"
"TUTTO","CFGINCARICHIREPLIMV","SYSTEM","SYSTEM","1"
"TUTTO","CFGINCARICHITEMAATTM","SYSTEM","SYSTEM","1"
"TUTTO","CFGINCARICHITEMAATTV","SYSTEM","SYSTEM","1"
"TUTTO","CFGINCARICHITIPOATTM","SYSTEM","SYSTEM","1"
"TUTTO","CFGINCARICHITIPOATTV","SYSTEM","SYSTEM","1"
"TUTTO","CFGINCARICHITIPOINCM","SYSTEM","SYSTEM","1"
"TUTTO","CFGINCARICHITIPOINCV","SYSTEM","SYSTEM","1"
"TUTTO","CFGINCARICHITIPOLIMM","SYSTEM","SYSTEM","1"
"TUTTO","CFGINCARICHITIPOLIMV","SYSTEM","SYSTEM","1"
"TUTTO","CFGLINATTASSC000010M","SYSTEM","SYSTEM","1"
"TUTTO","CFGLINATTASSC000010V","SYSTEM","SYSTEM","1"
"TUTTO","CFGLINATTCORELINATTM","SYSTEM","SYSTEM","1"
"TUTTO","CFGLINATTCORELINATTV","SYSTEM","SYSTEM","1"
"TUTTO","CFGLINATTSTAMPM","SYSTEM","SYSTEM","1"
"TUTTO","CFGLINATTTABMISSIOM","SYSTEM","SYSTEM","1"
"TUTTO","CFGLINATTTABMISSIOV","SYSTEM","SYSTEM","1"
"TUTTO","CFGLINATTTABPROGRAM","SYSTEM","SYSTEM","1"
"TUTTO","CFGLINATTTABPROGRAV","SYSTEM","SYSTEM","1"
"TUTTO","CFGLINATTTABRGRPLATM","SYSTEM","SYSTEM","1"
"TUTTO","CFGLINATTTABRGRPLATV","SYSTEM","SYSTEM","1"
"TUTTO","CFGLINATTTABRINSLATM","SYSTEM","SYSTEM","1"
"TUTTO","CFGLINATTTABRINSLATV","SYSTEM","SYSTEM","1"
"TUTTO","CFGLINATTTABRTIPLATM","SYSTEM","SYSTEM","1"
"TUTTO","CFGLINATTTABRTIPLATV","SYSTEM","SYSTEM","1"
"TUTTO","CFGLOGREGCORELOGREGV","SYSTEM","SYSTEM","1"
"TUTTO","CFGPARAMETRICDSM","SYSTEM","SYSTEM","1"
"TUTTO","CFGPARAMETRICDSV","SYSTEM","SYSTEM","1"
"TUTTO","CFGPARAMETRICNRM","SYSTEM","SYSTEM","1"
"TUTTO","CFGPARAMETRICNRV","SYSTEM","SYSTEM","1"
"TUTTO","CFGPARAMETRIUOM","SYSTEM","SYSTEM","1"
"TUTTO","CFGPARAMETRIUOV","SYSTEM","SYSTEM","1"
"TUTTO","CFGPDCECPCORECAPOCOM","SYSTEM","SYSTEM","1"
"TUTTO","CFGPDCECPCORECAPOCOV","SYSTEM","SYSTEM","1"
"TUTTO","CFGPDCECPCORECONTEPM","SYSTEM","SYSTEM","1"
"TUTTO","CFGPDCECPCORECONTEPV","SYSTEM","SYSTEM","1"
"TUTTO","CFGPDCECPCORESTMECOM","SYSTEM","SYSTEM","1"
"TUTTO","CFGPDCEPCLASVOCECOM","SYSTEM","SYSTEM","1"
"TUTTO","CFGPDCEPCLASVOCECOV","SYSTEM","SYSTEM","1"
"TUTTO","CFGPDCEPCLASVOCPATM","SYSTEM","SYSTEM","1"
"TUTTO","CFGPDCEPCLASVOCPATV","SYSTEM","SYSTEM","1"
"TUTTO","CFGPDCEPPARLIVELLIM","SYSTEM","SYSTEM","1"
"TUTTO","CFGPDCEPPARLIVELLIV","SYSTEM","SYSTEM","1"
"TUTTO","CFGPDCFINASSCPE0010M","SYSTEM","SYSTEM","1"
"TUTTO","CFGPDCFINASSCPE0010V","SYSTEM","SYSTEM","1"
"TUTTO","CFGPDCFINASSCPE0020M","SYSTEM","SYSTEM","1"
"TUTTO","CFGPDCFINASSCPE0020V","SYSTEM","SYSTEM","1"
"TUTTO","CFGPDCFINASSCPF0010M","SYSTEM","SYSTEM","1"
"TUTTO","CFGPDCFINASSCPF0010V","SYSTEM","SYSTEM","1"
"TUTTO","CFGPDCFINASSCPF0020M","SYSTEM","SYSTEM","1"
"TUTTO","CFGPDCFINASSCPF0020V","SYSTEM","SYSTEM","1"
"TUTTO","CFGPDCFINASSCPF0030M","SYSTEM","SYSTEM","1"
"TUTTO","CFGPDCFINASSCPF0030V","SYSTEM","SYSTEM","1"
"TUTTO","CFGPDCFINASSCPF0040M","SYSTEM","SYSTEM","1"
"TUTTO","CFGPDCFINASSCPF0040V","SYSTEM","SYSTEM","1"
"TUTTO","CFGPDCFINASSCPF0050M","SYSTEM","SYSTEM","1"
"TUTTO","CFGPDCFINASSCPF0050V","SYSTEM","SYSTEM","1"
"TUTTO","CFGPDCFINASSCPF0060M","SYSTEM","SYSTEM","1"
"TUTTO","CFGPDCFINASSCPF0060V","SYSTEM","SYSTEM","1"
"TUTTO","CFGPDCFINASSCPF0070M","SYSTEM","SYSTEM","1"
"TUTTO","CFGPDCFINASSCPF0070V","SYSTEM","SYSTEM","1"
"TUTTO","CFGPDCFINCLASVOCETRM","SYSTEM","SYSTEM","1"
"TUTTO","CFGPDCFINCLASVOCETRV","SYSTEM","SYSTEM","1"
"TUTTO","CFGPDCFINCLASVOCSPEM","SYSTEM","SYSTEM","1"
"TUTTO","CFGPDCFINCLASVOCSPEV","SYSTEM","SYSTEM","1"
"TUTTO","CFGPDCFINCORECACDSEM","SYSTEM","SYSTEM","1"
"TUTTO","CFGPDCFINCORECACDSEV","SYSTEM","SYSTEM","1"
"TUTTO","CFGPDCFINCORECACDSSM","SYSTEM","SYSTEM","1"
"TUTTO","CFGPDCFINCORECACDSSV","SYSTEM","SYSTEM","1"
"TUTTO","CFGPDCFINCORECACNREM","SYSTEM","SYSTEM","1"
"TUTTO","CFGPDCFINCORECACNREV","SYSTEM","SYSTEM","1"
"TUTTO","CFGPDCFINCORECACNRSM","SYSTEM","SYSTEM","1"
"TUTTO","CFGPDCFINCORECACNRSV","SYSTEM","SYSTEM","1"
"TUTTO","CFGPDCFINCORECGCNREM","SYSTEM","SYSTEM","1"
"TUTTO","CFGPDCFINCORECGCNREV","SYSTEM","SYSTEM","1"
"TUTTO","CFGPDCFINCORESTMENTM","SYSTEM","SYSTEM","1"
"TUTTO","CFGPDCFINCORESTMSPEM","SYSTEM","SYSTEM","1"
"TUTTO","CFGPDCFINCOREVOCETRM","SYSTEM","SYSTEM","1"
"TUTTO","CFGPDCFINCOREVOCETRV","SYSTEM","SYSTEM","1"
"TUTTO","CFGPDCFINCOREVOCSPEM","SYSTEM","SYSTEM","1"
"TUTTO","CFGPDCFINCOREVOCSPEV","SYSTEM","SYSTEM","1"
"TUTTO","CFGPDCFINLIMSPEM","SYSTEM","SYSTEM","1"
"TUTTO","CFGPDCFINLIMSPEV","SYSTEM","SYSTEM","1"
"TUTTO","CFGPDCFINPARLIVELLIM","SYSTEM","SYSTEM","1"
"TUTTO","CFGPDCFINPARLIVELLIV","SYSTEM","SYSTEM","1"
"TUTTO","CFGPDCFINRICLASSENTM","SYSTEM","SYSTEM","1"
"TUTTO","CFGPDCFINRICLASSENTV","SYSTEM","SYSTEM","1"
"TUTTO","CFGPDCFINRICLASSSPEM","SYSTEM","SYSTEM","1"
"TUTTO","CFGPDCFINRICLASSSPEV","SYSTEM","SYSTEM","1"
"TUTTO","CFGPDCFINSTMENTSPE","SYSTEM","SYSTEM","1"
"TUTTO","CFGPDCFINTABRCATECOM","SYSTEM","SYSTEM","1"
"TUTTO","CFGPDCFINTABRCATECOV","SYSTEM","SYSTEM","1"
"TUTTO","CFGPRINTCCORERECODAM","SYSTEM","SYSTEM","1"
"TUTTO","CFGPROGERCORECOMOLDV","SYSTEM","SYSTEM","1"
"TUTTO","CFGPROGERCOREMAV","SYSTEM","SYSTEM","1"
"TUTTO","CFGPROGERCOREPROGERC","SYSTEM","SYSTEM","1"
"TUTTO","CFGPROGERCOREPROGERM","SYSTEM","SYSTEM","1"
"TUTTO","CFGPROGERCOREPROGERS","SYSTEM","SYSTEM","1"
"TUTTO","CFGPROGERCOREPROGERT","SYSTEM","SYSTEM","1"
"TUTTO","CFGPROGERCOREPROGERV","SYSTEM","SYSTEM","1"
"TUTTO","CFGPROGERCOREPROOLDV","SYSTEM","SYSTEM","1"
"TUTTO","CFGPROGERCOREPROSTAN","SYSTEM","SYSTEM","1"
"TUTTO","CFGPROGERCOREPROSTSM","SYSTEM","SYSTEM","1"
"TUTTO","CFGPROGERCOREVOCECOM","SYSTEM","SYSTEM","1"
"TUTTO","CFGPROGERCOREVOCECOV","SYSTEM","SYSTEM","1"
"TUTTO","CFGSERVIZIOPECM","SYSTEM","SYSTEM","1"
"TUTTO","CFGSERVIZIOPECV","SYSTEM","SYSTEM","1"
"TUTTO","CFGSIOPEM","SYSTEM","SYSTEM","1"
"TUTTO","CFGSIOPEV","SYSTEM","SYSTEM","1"
"TUTTO","CFGSTRORGCORECDRAMMM","SYSTEM","SYSTEM","1"
"TUTTO","CFGSTRORGCORECDRAMMV","SYSTEM","SYSTEM","1"
"TUTTO","CFGSTRORGCORECENRESM","SYSTEM","SYSTEM","1"
"TUTTO","CFGSTRORGCORECENRESV","SYSTEM","SYSTEM","1"
"TUTTO","CFGSTRORGCORECENSPEM","SYSTEM","SYSTEM","1"
"TUTTO","CFGSTRORGCORECENSPEV","SYSTEM","SYSTEM","1"
"TUTTO","CFGSTRORGCOREDIPARTV","SYSTEM","SYSTEM","1"
"TUTTO","CFGSTRORGCOREUNIORGM","SYSTEM","SYSTEM","1"
"TUTTO","CFGSTRORGCOREUNIORGV","SYSTEM","SYSTEM","1"
"TUTTO","CFGSTRORGTABRTIPCDSM","SYSTEM","SYSTEM","1"
"TUTTO","CFGSTRORGTABRTIPCDSV","SYSTEM","SYSTEM","1"
"TUTTO","CFGUTENZECOREACCRUOM","SYSTEM","SYSTEM","1"
"TUTTO","CFGUTENZECOREACCRUOV","SYSTEM","SYSTEM","1"
"TUTTO","CFGUTENZECOREUADMINM","SYSTEM","SYSTEM","1"
"TUTTO","CFGUTENZECOREUADMINV","SYSTEM","SYSTEM","1"
"TUTTO","CFGUTENZECOREUCOMUNM","SYSTEM","SYSTEM","1"
"TUTTO","CFGUTENZECOREUCOMUNV","SYSTEM","SYSTEM","1"
"TUTTO","CFGUTENZETIPORUOM","SYSTEM","SYSTEM","1"
"TUTTO","CFGUTENZETIPORUOV","SYSTEM","SYSTEM","1"
"TUTTO","CFGUTENZEUADMINGESTM","SYSTEM","SYSTEM","1"
"TUTTO","CFGUTENZEUADMINGESTV","SYSTEM","SYSTEM","1"
"TUTTO","CNSBEPRCLCORECECRCLM","SYSTEM","SYSTEM","1"
"TUTTO","CNSBEPRCLCORESTPRCLM","SYSTEM","SYSTEM","1"
"TUTTO","CNSPDGINGCOREDETRES","SYSTEM","SYSTEM","1"
"TUTTO","CNSPDGINGCOREEANAACM","SYSTEM","SYSTEM","1"
"TUTTO","CNSPDGINGCOREESCCOMP","SYSTEM","SYSTEM","1"
"TUTTO","CNSPDGINGCOREESCVOCE","SYSTEM","SYSTEM","1"
"TUTTO","CNSPDGINGCOREESINACM","SYSTEM","SYSTEM","1"
"TUTTO","CNSPDGINGCOREETES","SYSTEM","SYSTEM","1"
"TUTTO","CNSPDGINGCOREETRRES","SYSTEM","SYSTEM","1"
"TUTTO","CNSPDGINGCORERNCDSEM","SYSTEM","SYSTEM","1"
"TUTTO","CNSPDGINGCORERNCDSSM","SYSTEM","SYSTEM","1"
"TUTTO","CNSPDGINGCORERNSACSM","SYSTEM","SYSTEM","1"
"TUTTO","CNSPDGINGCORESANAACM","SYSTEM","SYSTEM","1"
"TUTTO","CNSPDGINGCORESANACR","SYSTEM","SYSTEM","1"
"TUTTO","CNSPDGINGCORESSINACM","SYSTEM","SYSTEM","1"
"TUTTO","CNSPDGINGCORESSINCR","SYSTEM","SYSTEM","1"
"TUTTO","CNSPDGINGCOREURESVOC","SYSTEM","SYSTEM","1"
"TUTTO","CNSPDGINGCOREUSCRES","SYSTEM","SYSTEM","1"
"TUTTO","CNSPDGINGCOREUSES","SYSTEM","SYSTEM","1"
"TUTTO","CNSPDGINGPRGSINSPRG","SYSTEM","SYSTEM","1"
"TUTTO","CNSPDGINGSINRENDGAE","SYSTEM","SYSTEM","1"
"TUTTO","CNSPDGINGSITSINDGAE","SYSTEM","SYSTEM","1"
"TUTTO","CNSPDGINGURESESVOC","SYSTEM","SYSTEM","1"
"TUTTO","CNSRNDFINCORECNRCDSM","SYSTEM","SYSTEM","1"
"TUTTO","CNSRNDFINCOREDECGESM","SYSTEM","SYSTEM","1"
"TUTTO","CNSRNDFINCOREFINCNRM","SYSTEM","SYSTEM","1"
"TUTTO","CNSRNDFINGESTDECIS","SYSTEM","SYSTEM","1"
"TUTTO","CNSSTAMPALIBGIO","SYSTEM","SYSTEM","1"
"TUTTO","CONSACCERTAMENTIREST","SYSTEM","SYSTEM","1"
"TUTTO","CONSASSCOMPDT","SYSTEM","SYSTEM","1"
"TUTTO","CONSBANCAREST","SYSTEM","SYSTEM","1"
"TUTTO","CONSCAPITOLIREST","SYSTEM","SYSTEM","1"
"TUTTO","CONSDETTOBBREST","SYSTEM","SYSTEM","1"
"TUTTO","CONSDIVISAREST","SYSTEM","SYSTEM","1"
"TUTTO","CONSDOCAMMINVIOMAN","SYSTEM","SYSTEM","1"
"TUTTO","CONSDOCAMMINVIOREV","SYSTEM","SYSTEM","1"
"TUTTO","CONSDOCAMMPARGIROCDS","SYSTEM","SYSTEM","1"
"TUTTO","CONSDOCAMMPARGIROCNR","SYSTEM","SYSTEM","1"
"TUTTO","CONSDOCCONMANRIS","SYSTEM","SYSTEM","1"
"TUTTO","CONSDOCCONREVRIS","SYSTEM","SYSTEM","1"
"TUTTO","CONSESTRINCARICHI","SYSTEM","SYSTEM","1"
"TUTTO","CONSFATTATTBREREST","SYSTEM","SYSTEM","1"
"TUTTO","CONSFATTATTBREVREST","SYSTEM","SYSTEM","1"
"TUTTO","CONSFATTPASSBREREST","SYSTEM","SYSTEM","1"
"TUTTO","CONSFATTPASSBREVREST","SYSTEM","SYSTEM","1"
"TUTTO","CONSFATTPASSREST","SYSTEM","SYSTEM","1"
"TUTTO","CONSGAECOMPETR","SYSTEM","SYSTEM","1"
"TUTTO","CONSGAECOMPREST","SYSTEM","SYSTEM","1"
"TUTTO","CONSGAECOMPSPE","SYSTEM","SYSTEM","1"
"TUTTO","CONSGAECOMRESSINT","SYSTEM","SYSTEM","1"
"TUTTO","CONSGAEREND","SYSTEM","SYSTEM","1"
"TUTTO","CONSGAERESENTREST","SYSTEM","SYSTEM","1"
"TUTTO","CONSGAERESETR","SYSTEM","SYSTEM","1"
"TUTTO","CONSGAERESSPE","SYSTEM","SYSTEM","1"
"TUTTO","CONSGAERESSPEREST","SYSTEM","SYSTEM","1"
"TUTTO","CONSGAEREST","SYSTEM","SYSTEM","1"
"TUTTO","CONSIMPEGNIGAEREST","SYSTEM","SYSTEM","1"
"TUTTO","CONSIMPEGNIREST","SYSTEM","SYSTEM","1"
"TUTTO","CONSINQUADRAREST","SYSTEM","SYSTEM","1"
"TUTTO","CONSINVBENIREST","SYSTEM","SYSTEM","1"
"TUTTO","CONSLIMITISPE","SYSTEM","SYSTEM","1"
"TUTTO","CONSMANDATOREST","SYSTEM","SYSTEM","1"
"TUTTO","CONSMANDATOREVREST","SYSTEM","SYSTEM","1"
"TUTTO","CONSMANDATORIGAREST","SYSTEM","SYSTEM","1"
"TUTTO","CONSMISRIMBKMREST","SYSTEM","SYSTEM","1"
"TUTTO","CONSMISTIPOPASTOREST","SYSTEM","SYSTEM","1"
"TUTTO","CONSMISTIPOSPESAREST","SYSTEM","SYSTEM","1"
"TUTTO","CONSMODPAGAMENTOREST","SYSTEM","SYSTEM","1"
"TUTTO","CONSOBBLIGAZIONIREST","SYSTEM","SYSTEM","1"
"TUTTO","CONSOBBLRIPORTABILI","SYSTEM","SYSTEM","1"
"TUTTO","CONSPDGASSESAGGRETR","SYSTEM","SYSTEM","1"
"TUTTO","CONSPDGASSESAGGRSPE","SYSTEM","SYSTEM","1"
"TUTTO","CONSPDGGAREAETR","SYSTEM","SYSTEM","1"
"TUTTO","CONSPDGGAREASPE","SYSTEM","SYSTEM","1"
"TUTTO","CONSPDGGDIPETR","SYSTEM","SYSTEM","1"
"TUTTO","CONSPDGGDIPFOETR","SYSTEM","SYSTEM","1"
"TUTTO","CONSPDGGDIPFOSPE","SYSTEM","SYSTEM","1"
"TUTTO","CONSPDGGDIPSPE","SYSTEM","SYSTEM","1"
"TUTTO","CONSPDGGISTETR","SYSTEM","SYSTEM","1"
"TUTTO","CONSPDGGISTSPE","SYSTEM","SYSTEM","1"
"TUTTO","CONSPDGPAREAETR","SYSTEM","SYSTEM","1"
"TUTTO","CONSPDGPAREASPE","SYSTEM","SYSTEM","1"
"TUTTO","CONSPDGPDIPETR","SYSTEM","SYSTEM","1"
"TUTTO","CONSPDGPDIPFOETR","SYSTEM","SYSTEM","1"
"TUTTO","CONSPDGPDIPFOSPE","SYSTEM","SYSTEM","1"
"TUTTO","CONSPDGPDIPSPE","SYSTEM","SYSTEM","1"
"TUTTO","CONSPDGPFOETR","SYSTEM","SYSTEM","1"
"TUTTO","CONSPDGPFOSPE","SYSTEM","SYSTEM","1"
"TUTTO","CONSPDGPISTETR","SYSTEM","SYSTEM","1"
"TUTTO","CONSPDGPISTSPE","SYSTEM","SYSTEM","1"
"TUTTO","CONSPDGPTITETR","SYSTEM","SYSTEM","1"
"TUTTO","CONSPDGPTITSPE","SYSTEM","SYSTEM","1"
"TUTTO","CONSPROGETTIREST","SYSTEM","SYSTEM","1"
"TUTTO","CONSRICOSRESIDUI","SYSTEM","SYSTEM","1"
"TUTTO","CONSSCHEDAANCONTO","SYSTEM","SYSTEM","1"
"TUTTO","CONSTERZOCOMPREST","SYSTEM","SYSTEM","1"
"TUTTO","CONSTERZOREST","SYSTEM","SYSTEM","1"
"TUTTO","CONSUBICBENIREST","SYSTEM","SYSTEM","1"
"TUTTO","CONSULTACCONTOADDCOM","SYSTEM","SYSTEM","1"
"TUTTO","CONSULTARATEIZZAADD","SYSTEM","SYSTEM","1"
"TUTTO","CONSULTCOSTIPERSO","SYSTEM","SYSTEM","1"
"TUTTO","CONSULTCOSTIPERSOMEN","SYSTEM","SYSTEM","1"
"TUTTO","CONSULTELENCOINVE","SYSTEM","SYSTEM","1"
"TUTTO","CONSULTESTRAGLA","SYSTEM","SYSTEM","1"
"TUTTO","CONSULTGAESTOSPE","SYSTEM","SYSTEM","1"
"TUTTO","CONSULTIMPPAGPERTIPO","SYSTEM","SYSTEM","1"
"TUTTO","CONSULTLIQUIDCORIMAN","SYSTEM","SYSTEM","1"
"TUTTO","CONSULTMONITOCOCOCO","SYSTEM","SYSTEM","1"
"TUTTO","CONSULTPAGPERTIPOMAN","SYSTEM","SYSTEM","1"
"TUTTO","CONSULTPDGAGGRETR","SYSTEM","SYSTEM","1"
"TUTTO","CONSULTPDGAGGRSPE","SYSTEM","SYSTEM","1"
"TUTTO","CONSULTPDGCOMMETR","SYSTEM","SYSTEM","1"
"TUTTO","CONSULTPDGCOMMSPE","SYSTEM","SYSTEM","1"
"TUTTO","CONSULTTERZIDACONGUA","SYSTEM","SYSTEM","1"
"TUTTO","CONSULTWPACCERT","SYSTEM","SYSTEM","1"
"TUTTO","CONSULTWPOBBLIGAZ","SYSTEM","SYSTEM","1"
"TUTTO","CONSVARBILANCIO","SYSTEM","SYSTEM","1"
"TUTTO","CONSVARCOMPRES","SYSTEM","SYSTEM","1"
"TUTTO","CONSVARPDGGAREAETR","SYSTEM","SYSTEM","1"
"TUTTO","CONSVARPDGGAREASPE","SYSTEM","SYSTEM","1"
"TUTTO","CONSVARPDGGISTETR","SYSTEM","SYSTEM","1"
"TUTTO","CONSVARPDGGISTSPE","SYSTEM","SYSTEM","1"
"TUTTO","CONSVARSTANZCOMP","SYSTEM","SYSTEM","1"
"TUTTO","DOCACCERTCONSSCADACC","SYSTEM","SYSTEM","1"
"TUTTO","DOCACCERTCOREACCPGIM","SYSTEM","SYSTEM","1"
"TUTTO","DOCACCERTCOREACCPGIV","SYSTEM","SYSTEM","1"
"TUTTO","DOCACCERTCOREACCRESA","SYSTEM","SYSTEM","1"
"TUTTO","DOCACCERTCOREACCRESC","SYSTEM","SYSTEM","1"
"TUTTO","DOCACCERTCOREACCRESM","SYSTEM","SYSTEM","1"
"TUTTO","DOCACCERTCOREACCRESV","SYSTEM","SYSTEM","1"
"TUTTO","DOCACCERTCOREANENREM","SYSTEM","SYSTEM","1"
"TUTTO","DOCACCERTCOREANENREV","SYSTEM","SYSTEM","1"
"TUTTO","DOCACCERTCOREANNTROM","SYSTEM","SYSTEM","1"
"TUTTO","DOCACCERTCOREANNTROV","SYSTEM","SYSTEM","1"
"TUTTO","DOCACCERTCORESANCDSM","SYSTEM","SYSTEM","1"
"TUTTO","DOCACCERTCORESANCNRM","SYSTEM","SYSTEM","1"
"TUTTO","DOCACCERTCORESTRACCM","SYSTEM","SYSTEM","1"
"TUTTO","DOCACCERTCORESTSCADM","SYSTEM","SYSTEM","1"
"TUTTO","DOCCONCOMPRESCDRENT","SYSTEM","SYSTEM","1"
"TUTTO","DOCCONCOMPRESDIPIST","SYSTEM","SYSTEM","1"
"TUTTO","DOCCONCOMPRESISTCDR","SYSTEM","SYSTEM","1"
"TUTTO","DOCCONCOMPRESISTVOC","SYSTEM","SYSTEM","1"
"TUTTO","DOCCONCOMPRESVOCENT","SYSTEM","SYSTEM","1"
"TUTTO","DOCCONCOMPRESVOCNAT","SYSTEM","SYSTEM","1"
"TUTTO","DOCCONMANCUPMAN","SYSTEM","SYSTEM","1"
"TUTTO","DOCCONMANRICMAN","SYSTEM","SYSTEM","1"
"TUTTO","DOCCONREVCUPREV","SYSTEM","SYSTEM","1"
"TUTTO","DOCCONREVRICREV","SYSTEM","SYSTEM","1"
"TUTTO","DOCCONTCONF","SYSTEM","SYSTEM","1"
"TUTTO","DOCCONTCONFTOT","SYSTEM","SYSTEM","1"
"TUTTO","DOCCONVARACRPRO","SYSTEM","SYSTEM","1"
"TUTTO","DOCCONVARACRPROV","SYSTEM","SYSTEM","1"
"TUTTO","DOCCONVAROBBPRO","SYSTEM","SYSTEM","1"
"TUTTO","DOCCONVAROBBPROV","SYSTEM","SYSTEM","1"
"TUTTO","DOCINTCAS1210DISCASM","SYSTEM","SYSTEM","1"
"TUTTO","DOCINTCAS1210DISCASV","SYSTEM","SYSTEM","1"
"TUTTO","DOCINTCASCONSDIST","SYSTEM","SYSTEM","1"
"TUTTO","DOCINTCASCONSSOSE","SYSTEM","SYSTEM","1"
"TUTTO","DOCINTCASCONSSOSS","SYSTEM","SYSTEM","1"
"TUTTO","DOCINTCASCORECONFCAS","SYSTEM","SYSTEM","1"
"TUTTO","DOCINTCASCORECONFILE","SYSTEM","SYSTEM","1"
"TUTTO","DOCINTCASCOREDISCASA","SYSTEM","SYSTEM","1"
"TUTTO","DOCINTCASCOREDISCASF","SYSTEM","SYSTEM","1"
"TUTTO","DOCINTCASCOREDISCASM","SYSTEM","SYSTEM","1"
"TUTTO","DOCINTCASCOREDISCASS","SYSTEM","SYSTEM","1"
"TUTTO","DOCINTCASCOREDISCASV","SYSTEM","SYSTEM","1"
"TUTTO","DOCINTCASCOREINVCASM","SYSTEM","SYSTEM","1"
"TUTTO","DOCINTCASCOREPRFILEM","SYSTEM","SYSTEM","1"
"TUTTO","DOCINTCASCORESITCASM","SYSTEM","SYSTEM","1"
"TUTTO","DOCINTCASCORESOSASSM","SYSTEM","SYSTEM","1"
"TUTTO","DOCINTCASCORESOSCDSV","SYSTEM","SYSTEM","1"
"TUTTO","DOCINTCASCORESOSCNRM","SYSTEM","SYSTEM","1"
"TUTTO","DOCINTCASCORESOSRISM","SYSTEM","SYSTEM","1"
"TUTTO","DOCINTCASCORESOSRISV","SYSTEM","SYSTEM","1"
"TUTTO","DOCINTCASCORESSOCDSM","SYSTEM","SYSTEM","1"
"TUTTO","DOCINTCASCORESSOMANM","SYSTEM","SYSTEM","1"
"TUTTO","DOCINTCASCORESSOREVM","SYSTEM","SYSTEM","1"
"TUTTO","DOCINTCASCORESTMRISM","SYSTEM","SYSTEM","1"
"TUTTO","DOCINTCASCORESTMSOSM","SYSTEM","SYSTEM","1"
"TUTTO","DOCINTCASFIRMAD1210","SYSTEM","SYSTEM","1"
"TUTTO","DOCINTCASFIRMAMANRE","SYSTEM","SYSTEM","1"
"TUTTO","DOCMANDATCOREACCRE0M","SYSTEM","SYSTEM","1"
"TUTTO","DOCMANDATCOREACCRE0V","SYSTEM","SYSTEM","1"
"TUTTO","DOCMANDATCOREMANREVM","SYSTEM","SYSTEM","1"
"TUTTO","DOCMANDATCOREMANREVV","SYSTEM","SYSTEM","1"
"TUTTO","DOCMANDATCOREPAGAM0M","SYSTEM","SYSTEM","1"
"TUTTO","DOCMANDATCOREPAGAM0V","SYSTEM","SYSTEM","1"
"TUTTO","DOCMANDATCOREREGOLAM","SYSTEM","SYSTEM","1"
"TUTTO","DOCMANDATCOREREGOLAV","SYSTEM","SYSTEM","1"
"TUTTO","DOCMANDATCORESAVPAGM","SYSTEM","SYSTEM","1"
"TUTTO","DOCMANDATCORESTMASMM","SYSTEM","SYSTEM","1"
"TUTTO","DOCMANDATCORESTMASRM","SYSTEM","SYSTEM","1"
"TUTTO","DOCMANDATCORESTMMANM","SYSTEM","SYSTEM","1"
"TUTTO","DOCMANDATCORESTPAGEM","SYSTEM","SYSTEM","1"
"TUTTO","DOCMANDATOAUTOMATICG","SYSTEM","SYSTEM","1"
"TUTTO","DOCMANDATTABRCUPM","SYSTEM","SYSTEM","1"
"TUTTO","DOCMANDATTABRCUPV","SYSTEM","SYSTEM","1"
"TUTTO","DOCMANDATTABRTIBOLLM","SYSTEM","SYSTEM","1"
"TUTTO","DOCMANDATTABRTIBOLLV","SYSTEM","SYSTEM","1"
"TUTTO","DOCOBBCOREOBBRESIMPM","SYSTEM","SYSTEM","1"
"TUTTO","DOCOBBCOREOBBRESIMPV","SYSTEM","SYSTEM","1"
"TUTTO","DOCOBBCOREOBBRESPROA","SYSTEM","SYSTEM","1"
"TUTTO","DOCOBBCOREOBBRESPROC","SYSTEM","SYSTEM","1"
"TUTTO","DOCOBBCOREOBBRESPROM","SYSTEM","SYSTEM","1"
"TUTTO","DOCOBBCOREOBBRESPROV","SYSTEM","SYSTEM","1"
"TUTTO","DOCOBBLIGCONSSCADOBB","SYSTEM","SYSTEM","1"
"TUTTO","DOCOBBLIGCOREACCERTM","SYSTEM","SYSTEM","1"
"TUTTO","DOCOBBLIGCOREACCERTV","SYSTEM","SYSTEM","1"
"TUTTO","DOCOBBLIGCOREACCRESM","SYSTEM","SYSTEM","1"
"TUTTO","DOCOBBLIGCOREACCRESV","SYSTEM","SYSTEM","1"
"TUTTO","DOCOBBLIGCOREANNTROM","SYSTEM","SYSTEM","1"
"TUTTO","DOCOBBLIGCOREANNTROV","SYSTEM","SYSTEM","1"
"TUTTO","DOCOBBLIGCOREANSPREM","SYSTEM","SYSTEM","1"
"TUTTO","DOCOBBLIGCOREANSPREV","SYSTEM","SYSTEM","1"
"TUTTO","DOCOBBLIGCOREIMPBEM","SYSTEM","SYSTEM","1"
"TUTTO","DOCOBBLIGCOREIMPBEV","SYSTEM","SYSTEM","1"
"TUTTO","DOCOBBLIGCOREIMPPIGM","SYSTEM","SYSTEM","1"
"TUTTO","DOCOBBLIGCOREIMPPIGV","SYSTEM","SYSTEM","1"
"TUTTO","DOCOBBLIGCOREIMPRESM","SYSTEM","SYSTEM","1"
"TUTTO","DOCOBBLIGCOREIMPRESV","SYSTEM","SYSTEM","1"
"TUTTO","DOCOBBLIGCOREOBBCNFM","SYSTEM","SYSTEM","1"
"TUTTO","DOCOBBLIGCOREOBBLDFM","SYSTEM","SYSTEM","1"
"TUTTO","DOCOBBLIGCOREOBBLDFV","SYSTEM","SYSTEM","1"
"TUTTO","DOCOBBLIGCOREOBBLIGM","SYSTEM","SYSTEM","1"
"TUTTO","DOCOBBLIGCOREOBBLIGV","SYSTEM","SYSTEM","1"
"TUTTO","DOCOBBLIGCOREOBBLPRM","SYSTEM","SYSTEM","1"
"TUTTO","DOCOBBLIGCOREOBBLPRV","SYSTEM","SYSTEM","1"
"TUTTO","DOCOBBLIGCOREOBBRIPM","SYSTEM","SYSTEM","1"
"TUTTO","DOCOBBLIGCORESANCDSM","SYSTEM","SYSTEM","1"
"TUTTO","DOCOBBLIGCORESANCNRM","SYSTEM","SYSTEM","1"
"TUTTO","DOCOBBLIGCORESTMORDM","SYSTEM","SYSTEM","1"
"TUTTO","DOCOBBLIGCORESTOBLAM","SYSTEM","SYSTEM","1"
"TUTTO","DOCOBBLIGCORESTROBBM","SYSTEM","SYSTEM","1"
"TUTTO","DOCOBBLIGCORESTSCADM","SYSTEM","SYSTEM","1"
"TUTTO","DOCOBBLIGTABRTIPOBBM","SYSTEM","SYSTEM","1"
"TUTTO","DOCOBBLIGTABRTIPOBBV","SYSTEM","SYSTEM","1"
"TUTTO","DOCOBBLIGTABRTPCONSM","SYSTEM","SYSTEM","1"
"TUTTO","DOCOBBLIGTABRTPCONSV","SYSTEM","SYSTEM","1"
"TUTTO","DOCOBBLSTMIMPXF","SYSTEM","SYSTEM","1"
"TUTTO","DOCREVERSCOREREVERSM","SYSTEM","SYSTEM","1"
"TUTTO","DOCREVERSCOREREVERSV","SYSTEM","SYSTEM","1"
"TUTTO","DOCREVERSCOREREVPRVM","SYSTEM","SYSTEM","1"
"TUTTO","DOCREVERSCOREREVPRVV","SYSTEM","SYSTEM","1"
"TUTTO","DOCREVERSCORESTGREVM","SYSTEM","SYSTEM","1"
"TUTTO","DOCSNGCNTCORESTSNGCM","SYSTEM","SYSTEM","1"
"TUTTO","DOCSTIPENCORELIQUIDM","SYSTEM","SYSTEM","1"
"TUTTO","DOCSTIPENCORELIQUIDV","SYSTEM","SYSTEM","1"
"TUTTO","DOCSTIPENDICOFICORIM","SYSTEM","SYSTEM","1"
"TUTTO","DOCSTIPENDICOFICORIV","SYSTEM","SYSTEM","1"
"TUTTO","DOCSTIPENDIOBBLIGAM","SYSTEM","SYSTEM","1"
"TUTTO","DOCSTIPENDIOBBLIGAV","SYSTEM","SYSTEM","1"
"TUTTO","DOCSTIPENDIOBBSCADM","SYSTEM","SYSTEM","1"
"TUTTO","DOCSTIPENDIOBBSCADV","SYSTEM","SYSTEM","1"
"TUTTO","DOCSTIPENDISTRALCIOM","SYSTEM","SYSTEM","1"
"TUTTO","DOCSTIPENELABFLUSSIM","SYSTEM","SYSTEM","1"
"TUTTO","ESTRINCARELENCOFP","SYSTEM","SYSTEM","1"
"TUTTO","INCARICHIESTRAZFP","SYSTEM","SYSTEM","1"
"TUTTO","MAGBOLSCAGEN","SYSTEM","SYSTEM","1"
"TUTTO","MAGSCARSCARICMANUALG","SYSTEM","SYSTEM","1"
"TUTTO","MAGTABRGRPMERCM","SYSTEM","SYSTEM","1"
"TUTTO","MAGTABRGRPMERCV","SYSTEM","SYSTEM","1"
"TUTTO","MAGTABRLUOGOCONSM","SYSTEM","SYSTEM","1"
"TUTTO","MAGTABRLUOGOCONSV","SYSTEM","SYSTEM","1"
"TUTTO","MAGTABRMAGABIBENSERM","SYSTEM","SYSTEM","1"
"TUTTO","MAGTABRMAGABIBENSERV","SYSTEM","SYSTEM","1"
"TUTTO","MAGTABRMAGAZZINOM","SYSTEM","SYSTEM","1"
"TUTTO","MAGTABRMAGAZZINOV","SYSTEM","SYSTEM","1"
"TUTTO","MAGTABRNUMERAZM","SYSTEM","SYSTEM","1"
"TUTTO","MAGTABRNUMERAZV","SYSTEM","SYSTEM","1"
"TUTTO","MAGTABRRAGGRM","SYSTEM","SYSTEM","1"
"TUTTO","MAGTABRRAGGRV","SYSTEM","SYSTEM","1"
"TUTTO","MAGTABRTIPOARTM","SYSTEM","SYSTEM","1"
"TUTTO","MAGTABRTIPOARTV","SYSTEM","SYSTEM","1"
"TUTTO","MAGTABRTIPOGESTM","SYSTEM","SYSTEM","1"
"TUTTO","MAGTABRTIPOGESTV","SYSTEM","SYSTEM","1"
"TUTTO","MAGTABRTIPOMOVAZIONM","SYSTEM","SYSTEM","1"
"TUTTO","MAGTABRTIPOMOVAZIONV","SYSTEM","SYSTEM","1"
"TUTTO","MAGTABRTIPOMOVM","SYSTEM","SYSTEM","1"
"TUTTO","MAGTABRTIPOMOVV","SYSTEM","SYSTEM","1"
"TUTTO","MAGTABRUNIMCOEFFMAGM","SYSTEM","SYSTEM","1"
"TUTTO","MAGTABRUNIMCOEFFMAGV","SYSTEM","SYSTEM","1"
"TUTTO","MAGTABRUNIMISM","SYSTEM","SYSTEM","1"
"TUTTO","MAGTABRUNIMISV","SYSTEM","SYSTEM","1"
"TUTTO","ORDAPPRICHV","SYSTEM","SYSTEM","1"
"TUTTO","ORDEVAORDG","SYSTEM","SYSTEM","1"
"TUTTO","ORDGENORDRICM","SYSTEM","SYSTEM","1"
"TUTTO","ORDORDACQFIRV","SYSTEM","SYSTEM","1"
"TUTTO","ORDORDACQM","SYSTEM","SYSTEM","1"
"TUTTO","ORDORDACQV","SYSTEM","SYSTEM","1"
"TUTTO","ORDRICHM","SYSTEM","SYSTEM","1"
"TUTTO","ORDRICHV","SYSTEM","SYSTEM","1"
"TUTTO","ORDTABRCAUSAANNM","SYSTEM","SYSTEM","1"
"TUTTO","ORDTABRCAUSAANNV","SYSTEM","SYSTEM","1"
"TUTTO","ORDTABRCAUSSPESAM","SYSTEM","SYSTEM","1"
"TUTTO","ORDTABRCAUSSPESAV","SYSTEM","SYSTEM","1"
"TUTTO","ORDTABRNOTAPRECM","SYSTEM","SYSTEM","1"
"TUTTO","ORDTABRNOTAPRECV","SYSTEM","SYSTEM","1"
"TUTTO","ORDTABRNUMERAZM","SYSTEM","SYSTEM","1"
"TUTTO","ORDTABRNUMERAZV","SYSTEM","SYSTEM","1"
"TUTTO","ORDTABRTIPOPM","SYSTEM","SYSTEM","1"
"TUTTO","ORDTABRTIPOPV","SYSTEM","SYSTEM","1"
"TUTTO","ORDTABRUOPASSM","SYSTEM","SYSTEM","1"
"TUTTO","ORDTABRUOPASSV","SYSTEM","SYSTEM","1"
"TUTTO","ORDTABRUOPM","SYSTEM","SYSTEM","1"
"TUTTO","ORDTABRUOPV","SYSTEM","SYSTEM","1"
"ENTE","CFGANAGCFTABRABICABM","SYSTEM","SYSTEM","1"
"ENTE","CFGANAGCFTABRABICABV","SYSTEM","SYSTEM","1"
"ENTE","CFGANAGCFTABRCLANAGM","SYSTEM","SYSTEM","1"
"ENTE","CFGANAGCFTABRCLANAGV","SYSTEM","SYSTEM","1"
"ENTE","CFGANAGCFTABRCOMESTM","SYSTEM","SYSTEM","1"
"ENTE","CFGANAGCFTABRCOMESTV","SYSTEM","SYSTEM","1"
"ENTE","CFGANAGCFTABRISTATM","SYSTEM","SYSTEM","1"
"ENTE","CFGANAGCFTABRISTATV","SYSTEM","SYSTEM","1"
"ENTE","CFGANAGCFTABRRAPLEGM","SYSTEM","SYSTEM","1"
"ENTE","CFGANAGCFTABRRAPLEGV","SYSTEM","SYSTEM","1"
"ENTE","CFGANAGCFTABRRIFINQM","SYSTEM","SYSTEM","1"
"ENTE","CFGANAGCFTABRRIFINQV","SYSTEM","SYSTEM","1"
"ENTE","CFGANAGCFTABRTERAREM","SYSTEM","SYSTEM","1"
"ENTE","CFGANAGCFTABRTERAREV","SYSTEM","SYSTEM","1"
"ENTE","CFGANAGCFTABRTERCOMM","SYSTEM","SYSTEM","1"
"ENTE","CFGANAGCFTABRTERCOMV","SYSTEM","SYSTEM","1"
"ENTE","CFGANAGCFTABRTERNAZM","SYSTEM","SYSTEM","1"
"ENTE","CFGANAGCFTABRTERNAZV","SYSTEM","SYSTEM","1"
"ENTE","CFGANAGCFTABRTERPAGM","SYSTEM","SYSTEM","1"
"ENTE","CFGANAGCFTABRTERPAGV","SYSTEM","SYSTEM","1"
"ENTE","CFGANAGCFTABRTIPRAPM","SYSTEM","SYSTEM","1"
"ENTE","CFGANAGCFTABRTIPRAPV","SYSTEM","SYSTEM","1"
"ENTE","CFGCIGM","SYSTEM","SYSTEM","1"
"ENTE","CFGCIGV","SYSTEM","SYSTEM","1"
"ENTE","CFGCONTRATTOANAGM","SYSTEM","SYSTEM","1"
"ENTE","CFGCONTRATTOANAGV","SYSTEM","SYSTEM","1"
"ENTE","CFGCONTRATTOATTOM","SYSTEM","SYSTEM","1"
"ENTE","CFGCONTRATTOATTOV","SYSTEM","SYSTEM","1"
"ENTE","CFGCONTRATTOORGANOM","SYSTEM","SYSTEM","1"
"ENTE","CFGCONTRATTOORGANOV","SYSTEM","SYSTEM","1"
"ENTE","CFGCONTRATTOPROCAMMM","SYSTEM","SYSTEM","1"
"ENTE","CFGCONTRATTOPROCAMMV","SYSTEM","SYSTEM","1"
"ENTE","CFGCONTRATTOSTAMPM","SYSTEM","SYSTEM","1"
"ENTE","CFGCONTRATTOTIPOM","SYSTEM","SYSTEM","1"
"ENTE","CFGCONTRATTOTIPOV","SYSTEM","SYSTEM","1"
"ENTE","CFGESERCICOREESERCIM","SYSTEM","SYSTEM","1"
"ENTE","CFGESERCICOREESERCIV","SYSTEM","SYSTEM","1"
"ENTE","CFGEXCELCCORERECODAM","SYSTEM","SYSTEM","1"
"ENTE","CFGGESTUTENZEFIRMM","SYSTEM","SYSTEM","1"
"ENTE","CFGGESTUTENZEFIRMV","SYSTEM","SYSTEM","1"
"ENTE","CFGLINATTCORELINATTM","SYSTEM","SYSTEM","1"
"ENTE","CFGLINATTCORELINATTV","SYSTEM","SYSTEM","1"
"ENTE","CFGLINATTSTAMPM","SYSTEM","SYSTEM","1"
"ENTE","CFGLINATTTABMISSIOM","SYSTEM","SYSTEM","1"
"ENTE","CFGLINATTTABMISSIOV","SYSTEM","SYSTEM","1"
"ENTE","CFGLINATTTABPROGRAM","SYSTEM","SYSTEM","1"
"ENTE","CFGLINATTTABPROGRAV","SYSTEM","SYSTEM","1"
"ENTE","CFGPARAMETRICDSM","SYSTEM","SYSTEM","1"
"ENTE","CFGPARAMETRICDSV","SYSTEM","SYSTEM","1"
"ENTE","CFGPARAMETRICNRM","SYSTEM","SYSTEM","1"
"ENTE","CFGPARAMETRICNRV","SYSTEM","SYSTEM","1"
"ENTE","CFGPARAMETRIUOM","SYSTEM","SYSTEM","1"
"ENTE","CFGPARAMETRIUOV","SYSTEM","SYSTEM","1"
"ENTE","CFGPDCECPCORECONTEPM","SYSTEM","SYSTEM","1"
"ENTE","CFGPDCECPCORECONTEPV","SYSTEM","SYSTEM","1"
"ENTE","CFGPDCECPCORESTMECOM","SYSTEM","SYSTEM","1"
"ENTE","CFGPDCEPCLASVOCECOM","SYSTEM","SYSTEM","1"
"ENTE","CFGPDCEPCLASVOCECOV","SYSTEM","SYSTEM","1"
"ENTE","CFGPDCEPCLASVOCPATM","SYSTEM","SYSTEM","1"
"ENTE","CFGPDCEPCLASVOCPATV","SYSTEM","SYSTEM","1"
"ENTE","CFGPDCEPPARLIVELLIM","SYSTEM","SYSTEM","1"
"ENTE","CFGPDCEPPARLIVELLIV","SYSTEM","SYSTEM","1"
"ENTE","CFGPDCFINASSCPE0010M","SYSTEM","SYSTEM","1"
"ENTE","CFGPDCFINASSCPE0010V","SYSTEM","SYSTEM","1"
"ENTE","CFGPDCFINASSCPE0020M","SYSTEM","SYSTEM","1"
"ENTE","CFGPDCFINASSCPE0020V","SYSTEM","SYSTEM","1"
"ENTE","CFGPDCFINASSCPF0040M","SYSTEM","SYSTEM","1"
"ENTE","CFGPDCFINASSCPF0040V","SYSTEM","SYSTEM","1"
"ENTE","CFGPDCFINASSCPF0050M","SYSTEM","SYSTEM","1"
"ENTE","CFGPDCFINASSCPF0050V","SYSTEM","SYSTEM","1"
"ENTE","CFGPDCFINASSCPF0060M","SYSTEM","SYSTEM","1"
"ENTE","CFGPDCFINASSCPF0060V","SYSTEM","SYSTEM","1"
"ENTE","CFGPDCFINASSCPF0070M","SYSTEM","SYSTEM","1"
"ENTE","CFGPDCFINASSCPF0070V","SYSTEM","SYSTEM","1"
"ENTE","CFGPDCFINCLASVOCETRM","SYSTEM","SYSTEM","1"
"ENTE","CFGPDCFINCLASVOCETRV","SYSTEM","SYSTEM","1"
"ENTE","CFGPDCFINCLASVOCSPEM","SYSTEM","SYSTEM","1"
"ENTE","CFGPDCFINCLASVOCSPEV","SYSTEM","SYSTEM","1"
"ENTE","CFGPDCFINCOREVOCETRM","SYSTEM","SYSTEM","1"
"ENTE","CFGPDCFINCOREVOCETRV","SYSTEM","SYSTEM","1"
"ENTE","CFGPDCFINCOREVOCSPEM","SYSTEM","SYSTEM","1"
"ENTE","CFGPDCFINCOREVOCSPEV","SYSTEM","SYSTEM","1"
"ENTE","CFGPDCFINLIMSPEM","SYSTEM","SYSTEM","1"
"ENTE","CFGPDCFINLIMSPEV","SYSTEM","SYSTEM","1"
"ENTE","CFGPDCFINPARLIVELLIM","SYSTEM","SYSTEM","1"
"ENTE","CFGPDCFINPARLIVELLIV","SYSTEM","SYSTEM","1"
"ENTE","CFGPDCFINRICLASSENTM","SYSTEM","SYSTEM","1"
"ENTE","CFGPDCFINRICLASSENTV","SYSTEM","SYSTEM","1"
"ENTE","CFGPDCFINRICLASSSPEM","SYSTEM","SYSTEM","1"
"ENTE","CFGPDCFINRICLASSSPEV","SYSTEM","SYSTEM","1"
"ENTE","CFGPDCFINTABRCATECOM","SYSTEM","SYSTEM","1"
"ENTE","CFGPDCFINTABRCATECOV","SYSTEM","SYSTEM","1"
"ENTE","CFGPRINTCCORERECODAM","SYSTEM","SYSTEM","1"
"ENTE","CFGPROGERCOREPROGERC","SYSTEM","SYSTEM","1"
"ENTE","CFGPROGERCOREPROGERM","SYSTEM","SYSTEM","1"
"ENTE","CFGPROGERCOREPROGERS","SYSTEM","SYSTEM","1"
"ENTE","CFGPROGERCOREPROGERT","SYSTEM","SYSTEM","1"
"ENTE","CFGPROGERCOREPROGERV","SYSTEM","SYSTEM","1"
"ENTE","CFGPROGERCOREVOCECOM","SYSTEM","SYSTEM","1"
"ENTE","CFGPROGERCOREVOCECOV","SYSTEM","SYSTEM","1"
"ENTE","CFGSIOPEM","SYSTEM","SYSTEM","1"
"ENTE","CFGSIOPEV","SYSTEM","SYSTEM","1"
"ENTE","CFGSTRORGCORECENRESM","SYSTEM","SYSTEM","1"
"ENTE","CFGSTRORGCORECENRESV","SYSTEM","SYSTEM","1"
"ENTE","CFGSTRORGCOREUNIORGM","SYSTEM","SYSTEM","1"
"ENTE","CFGSTRORGCOREUNIORGV","SYSTEM","SYSTEM","1"
"ENTE","CNSBEPRCLCORECECRCLM","SYSTEM","SYSTEM","1"
"ENTE","CNSBEPRCLCORESTPRCLM","SYSTEM","SYSTEM","1"
"ENTE","CNSPDGINGCOREDETRES","SYSTEM","SYSTEM","1"
"ENTE","CNSPDGINGCOREEANAACM","SYSTEM","SYSTEM","1"
"ENTE","CNSPDGINGCOREESCCOMP","SYSTEM","SYSTEM","1"
"ENTE","CNSPDGINGCOREESCVOCE","SYSTEM","SYSTEM","1"
"ENTE","CNSPDGINGCOREESINACM","SYSTEM","SYSTEM","1"
"ENTE","CNSPDGINGCOREETES","SYSTEM","SYSTEM","1"
"ENTE","CNSPDGINGCOREETRRES","SYSTEM","SYSTEM","1"
"ENTE","CNSPDGINGCORERNCDSEM","SYSTEM","SYSTEM","1"
"ENTE","CNSPDGINGCORERNCDSSM","SYSTEM","SYSTEM","1"
"ENTE","CNSPDGINGCORERNSACSM","SYSTEM","SYSTEM","1"
"ENTE","CNSPDGINGCORESANAACM","SYSTEM","SYSTEM","1"
"ENTE","CNSPDGINGCORESANACR","SYSTEM","SYSTEM","1"
"ENTE","CNSPDGINGCORESSINACM","SYSTEM","SYSTEM","1"
"ENTE","CNSPDGINGCORESSINCR","SYSTEM","SYSTEM","1"
"ENTE","CNSPDGINGCOREURESVOC","SYSTEM","SYSTEM","1"
"ENTE","CNSPDGINGCOREUSCRES","SYSTEM","SYSTEM","1"
"ENTE","CNSPDGINGCOREUSES","SYSTEM","SYSTEM","1"
"ENTE","CNSPDGINGPRGSINSPRG","SYSTEM","SYSTEM","1"
"ENTE","CNSPDGINGSINRENDGAE","SYSTEM","SYSTEM","1"
"ENTE","CNSPDGINGSITSINDGAE","SYSTEM","SYSTEM","1"
"ENTE","CNSPDGINGURESESVOC","SYSTEM","SYSTEM","1"
"ENTE","CNSRNDFINCOREDECGESM","SYSTEM","SYSTEM","1"
"ENTE","CNSSTAMPALIBGIO","SYSTEM","SYSTEM","1"
"ENTE","CONSASSCOMPDT","SYSTEM","SYSTEM","1"
"ENTE","CONSDOCAMMINVIOMAN","SYSTEM","SYSTEM","1"
"ENTE","CONSDOCAMMINVIOREV","SYSTEM","SYSTEM","1"
"ENTE","CONSDOCAMMPARGIROCDS","SYSTEM","SYSTEM","1"
"ENTE","CONSDOCAMMPARGIROCNR","SYSTEM","SYSTEM","1"
"ENTE","CONSGAECOMPETR","SYSTEM","SYSTEM","1"
"ENTE","CONSGAECOMPSPE","SYSTEM","SYSTEM","1"
"ENTE","CONSGAECOMRESSINT","SYSTEM","SYSTEM","1"
"ENTE","CONSGAEREND","SYSTEM","SYSTEM","1"
"ENTE","CONSGAERESETR","SYSTEM","SYSTEM","1"
"ENTE","CONSGAERESSPE","SYSTEM","SYSTEM","1"
"ENTE","CONSLIMITISPE","SYSTEM","SYSTEM","1"
"ENTE","CONSULTCOSTIPERSO","SYSTEM","SYSTEM","1"
"ENTE","CONSULTCOSTIPERSOMEN","SYSTEM","SYSTEM","1"
"ENTE","CONSULTELENCOINVE","SYSTEM","SYSTEM","1"
"ENTE","CONSULTWPACCERT","SYSTEM","SYSTEM","1"
"ENTE","CONSULTWPOBBLIGAZ","SYSTEM","SYSTEM","1"
"ENTE","CONSVARCOMPRES","SYSTEM","SYSTEM","1"
"ENTE","CONSVARSTANZCOMP","SYSTEM","SYSTEM","1"
"ENTE","DOCACCERTCONSSCADACC","SYSTEM","SYSTEM","1"
"ENTE","DOCACCERTCOREACCRESM","SYSTEM","SYSTEM","1"
"ENTE","DOCACCERTCOREACCRESV","SYSTEM","SYSTEM","1"
"ENTE","DOCACCERTCORESTRACCM","SYSTEM","SYSTEM","1"
"ENTE","DOCACCERTCORESTSCADM","SYSTEM","SYSTEM","1"
"ENTE","DOCCONCOMPRESCDRENT","SYSTEM","SYSTEM","1"
"ENTE","DOCCONCOMPRESDIPIST","SYSTEM","SYSTEM","1"
"ENTE","DOCCONCOMPRESISTCDR","SYSTEM","SYSTEM","1"
"ENTE","DOCCONCOMPRESISTVOC","SYSTEM","SYSTEM","1"
"ENTE","DOCCONCOMPRESVOCENT","SYSTEM","SYSTEM","1"
"ENTE","DOCCONCOMPRESVOCNAT","SYSTEM","SYSTEM","1"
"ENTE","DOCCONMANCUPMAN","SYSTEM","SYSTEM","1"
"ENTE","DOCCONMANRICMAN","SYSTEM","SYSTEM","1"
"ENTE","DOCCONREVCUPREV","SYSTEM","SYSTEM","1"
"ENTE","DOCCONREVRICREV","SYSTEM","SYSTEM","1"
"ENTE","DOCCONTCONFTOT","SYSTEM","SYSTEM","1"
"ENTE","DOCCONVAROBBPRO","SYSTEM","SYSTEM","1"
"ENTE","DOCCONVAROBBPROV","SYSTEM","SYSTEM","1"
"ENTE","DOCINTCAS1210DISCASM","SYSTEM","SYSTEM","1"
"ENTE","DOCINTCAS1210DISCASV","SYSTEM","SYSTEM","1"
"ENTE","DOCINTCASCONSSOSE","SYSTEM","SYSTEM","1"
"ENTE","DOCINTCASCONSSOSS","SYSTEM","SYSTEM","1"
"ENTE","DOCINTCASCORECONFILE","SYSTEM","SYSTEM","1"
"ENTE","DOCINTCASCOREDISCASF","SYSTEM","SYSTEM","1"
"ENTE","DOCINTCASCOREDISCASV","SYSTEM","SYSTEM","1"
"ENTE","DOCINTCASCOREINVCASM","SYSTEM","SYSTEM","1"
"ENTE","DOCINTCASCOREPRFILEM","SYSTEM","SYSTEM","1"
"ENTE","DOCINTCASCORESITCASM","SYSTEM","SYSTEM","1"
"ENTE","DOCINTCASCORESOSASSM","SYSTEM","SYSTEM","1"
"ENTE","DOCINTCASCORESOSCNRM","SYSTEM","SYSTEM","1"
"ENTE","DOCINTCASCORESOSRISM","SYSTEM","SYSTEM","1"
"ENTE","DOCINTCASCORESOSRISV","SYSTEM","SYSTEM","1"
"ENTE","DOCINTCASCORESSOCDSM","SYSTEM","SYSTEM","1"
"ENTE","DOCINTCASCORESSOMANM","SYSTEM","SYSTEM","1"
"ENTE","DOCINTCASCORESSOREVM","SYSTEM","SYSTEM","1"
"ENTE","DOCINTCASCORESTMRISM","SYSTEM","SYSTEM","1"
"ENTE","DOCINTCASCORESTMSOSM","SYSTEM","SYSTEM","1"
"ENTE","DOCINTCASFIRMAD1210","SYSTEM","SYSTEM","1"
"ENTE","DOCINTCASFIRMAMANRE","SYSTEM","SYSTEM","1"
"ENTE","DOCMANDATCOREACCRE0V","SYSTEM","SYSTEM","1"
"ENTE","DOCMANDATCOREMANREVM","SYSTEM","SYSTEM","1"
"ENTE","DOCMANDATCOREMANREVV","SYSTEM","SYSTEM","1"
"ENTE","DOCMANDATCOREPAGAM0M","SYSTEM","SYSTEM","1"
"ENTE","DOCMANDATCOREPAGAM0V","SYSTEM","SYSTEM","1"
"ENTE","DOCMANDATCOREREGOLAM","SYSTEM","SYSTEM","1"
"ENTE","DOCMANDATCOREREGOLAV","SYSTEM","SYSTEM","1"
"ENTE","DOCMANDATCORESAVPAGM","SYSTEM","SYSTEM","1"
"ENTE","DOCMANDATCORESTMASMM","SYSTEM","SYSTEM","1"
"ENTE","DOCMANDATCORESTMASRM","SYSTEM","SYSTEM","1"
"ENTE","DOCMANDATCORESTMMANM","SYSTEM","SYSTEM","1"
"ENTE","DOCMANDATCORESTPAGEM","SYSTEM","SYSTEM","1"
"ENTE","DOCMANDATTABRCUPM","SYSTEM","SYSTEM","1"
"ENTE","DOCMANDATTABRCUPV","SYSTEM","SYSTEM","1"
"ENTE","DOCMANDATTABRTIBOLLV","SYSTEM","SYSTEM","1"
"ENTE","DOCOBBCOREOBBRESPROA","SYSTEM","SYSTEM","1"
"ENTE","DOCOBBCOREOBBRESPROM","SYSTEM","SYSTEM","1"
"ENTE","DOCOBBCOREOBBRESPROV","SYSTEM","SYSTEM","1"
"ENTE","DOCOBBLIGCONSSCADOBB","SYSTEM","SYSTEM","1"
"ENTE","DOCOBBLIGCOREACCERTM","SYSTEM","SYSTEM","1"
"ENTE","DOCOBBLIGCOREACCERTV","SYSTEM","SYSTEM","1"
"ENTE","DOCOBBLIGCOREACCRESM","SYSTEM","SYSTEM","1"
"ENTE","DOCOBBLIGCOREACCRESV","SYSTEM","SYSTEM","1"
"ENTE","DOCOBBLIGCOREOBBLDFM","SYSTEM","SYSTEM","1"
"ENTE","DOCOBBLIGCOREOBBLDFV","SYSTEM","SYSTEM","1"
"ENTE","DOCOBBLIGCOREOBBLIGM","SYSTEM","SYSTEM","1"
"ENTE","DOCOBBLIGCOREOBBLIGV","SYSTEM","SYSTEM","1"
"ENTE","DOCOBBLIGCOREOBBLPRM","SYSTEM","SYSTEM","1"
"ENTE","DOCOBBLIGCOREOBBLPRV","SYSTEM","SYSTEM","1"
"ENTE","DOCOBBLIGCOREOBBRIPM","SYSTEM","SYSTEM","1"
"ENTE","DOCOBBLIGCORESTMORDM","SYSTEM","SYSTEM","1"
"ENTE","DOCOBBLIGCORESTOBLAM","SYSTEM","SYSTEM","1"
"ENTE","DOCOBBLIGCORESTROBBM","SYSTEM","SYSTEM","1"
"ENTE","DOCOBBLIGCORESTSCADM","SYSTEM","SYSTEM","1"
"ENTE","DOCOBBLIGTABRTIPOBBM","SYSTEM","SYSTEM","1"
"ENTE","DOCOBBLIGTABRTIPOBBV","SYSTEM","SYSTEM","1"
"ENTE","DOCREVERSCOREREVERSM","SYSTEM","SYSTEM","1"
"ENTE","DOCREVERSCOREREVERSV","SYSTEM","SYSTEM","1"
"ENTE","DOCREVERSCORESTGREVM","SYSTEM","SYSTEM","1"
"ENTE","PRVARCHVARIAZIONEM","SYSTEM","SYSTEM","1"
"ENTE","PRVFIRMAVARIAZIONE","SYSTEM","SYSTEM","1"
"ENTE","PRVNPDGESTPDGAGGM","SYSTEM","SYSTEM","1"
"ENTE","PRVNPDGESTPDGAGGV","SYSTEM","SYSTEM","1"
"ENTE","PRVNPDGESTSTATOCDRM","SYSTEM","SYSTEM","1"
"ENTE","PRVNPDGESTSTATOCDRV","SYSTEM","SYSTEM","1"
"ENTE","PRVPDGSTPBILANCIO","SYSTEM","SYSTEM","1"
"ENTE","PRVSTMPREFINDEC","SYSTEM","SYSTEM","1"
"ENTE","PRVTIPOVARIAZIONEM","SYSTEM","SYSTEM","1"
"ENTE","PRVTIPOVARIAZIONEV","SYSTEM","SYSTEM","1"
"ENTE","PRVVARCOMPETENZAM","SYSTEM","SYSTEM","1"
"ENTE","PRVVARCOMPETENZAV","SYSTEM","SYSTEM","1"
"ENTE","PRVVARSTANZRESIDM","SYSTEM","SYSTEM","1"
"ENTE","PRVVARSTANZRESIDV","SYSTEM","SYSTEM","1"
"ENTE","PRVVARSTANZSTAMP","SYSTEM","SYSTEM","1"
"ENTE","RIPGESRIPCOREREVSUCM","SYSTEM","SYSTEM","1"
"ENTE","RIPGESRIPCORERIPPREM","SYSTEM","SYSTEM","1"
"ENTE","RIPGESRIPCORERIPSUCM","SYSTEM","SYSTEM","1"
"TUTTO","AMMBONUSM","SYSTEM","SYSTEM","1"
"TUTTO","AMMBONUSV","SYSTEM","SYSTEM","1"
"TUTTO","AMMCOANCPCOREMASCOGV","SYSTEM","SYSTEM","1"
"TUTTO","AMMCOANCPCOREMOVCOGV","SYSTEM","SYSTEM","1"
"TUTTO","AMMCOANCPCORESCRANAM","SYSTEM","SYSTEM","1"
"TUTTO","AMMCOANCPCORESCRANAV","SYSTEM","SYSTEM","1"
"TUTTO","AMMCOEPCNASSCASSANCM","SYSTEM","SYSTEM","1"
"TUTTO","AMMCOEPCNASSCASSANCV","SYSTEM","SYSTEM","1"
"TUTTO","AMMCOEPCNCOREMASCOGV","SYSTEM","SYSTEM","1"
"TUTTO","AMMCOEPCNCOREMOVCOGV","SYSTEM","SYSTEM","1"
"TUTTO","AMMCOEPCNCORESCRLIBM","SYSTEM","SYSTEM","1"
"TUTTO","AMMCOEPCNCORESCRLIBV","SYSTEM","SYSTEM","1"
"TUTTO","AMMCOEPSTAMOV","SYSTEM","SYSTEM","1"
"TUTTO","AMMCOMPENCORECOMPENM","SYSTEM","SYSTEM","1"
"TUTTO","AMMCOMPENCORECOMPENV","SYSTEM","SYSTEM","1"
"TUTTO","AMMCOMPENCORECOMPVPM","SYSTEM","SYSTEM","1"
"TUTTO","AMMCOMPENCORECRTACCM","SYSTEM","SYSTEM","1"
"TUTTO","AMMCOMPENCORECRTICCM","SYSTEM","SYSTEM","1"
"TUTTO","AMMCOMPENCORECRTIMPM","SYSTEM","SYSTEM","1"
"TUTTO","AMMCOMPENCORECRTM","SYSTEM","SYSTEM","1"
"TUTTO","AMMCOMPENCORECRTPRVM","SYSTEM","SYSTEM","1"
"TUTTO","AMMCOMPENCORELICORIM","SYSTEM","SYSTEM","1"
"TUTTO","AMMCOMPENCORELICORIV","SYSTEM","SYSTEM","1"
"TUTTO","AMMCOMPENCORESTCOMP","SYSTEM","SYSTEM","1"
"TUTTO","AMMCOMPENCORESTRICPM","SYSTEM","SYSTEM","1"
"TUTTO","AMMCOMPENCORIF24EPM","SYSTEM","SYSTEM","1"
"TUTTO","AMMCOMPENESTRELA770M","SYSTEM","SYSTEM","1"
"TUTTO","AMMCOMPENESTRELACUDM","SYSTEM","SYSTEM","1"
"TUTTO","AMMCOMPENESTRELINPSM","SYSTEM","SYSTEM","1"
"TUTTO","AMMCOMPENESTRMEINPSM","SYSTEM","SYSTEM","1"
"TUTTO","AMMCOMPENLIQCORICENM","SYSTEM","SYSTEM","1"
"TUTTO","AMMCOMPENLIQCORIMASM","SYSTEM","SYSTEM","1"
"TUTTO","AMMCOMPENTABRASCOREM","SYSTEM","SYSTEM","1"
"TUTTO","AMMCOMPENTABRASCOREV","SYSTEM","SYSTEM","1"
"TUTTO","AMMCOMPENTABRASCORSM","SYSTEM","SYSTEM","1"
"TUTTO","AMMCOMPENTABRASCORSV","SYSTEM","SYSTEM","1"
"TUTTO","AMMCOMPENTABRASCORVM","SYSTEM","SYSTEM","1"
"TUTTO","AMMCOMPENTABRASCORVV","SYSTEM","SYSTEM","1"
"TUTTO","AMMCOMPENTABRASTRTTM","SYSTEM","SYSTEM","1"
"TUTTO","AMMCOMPENTABRASTRTTV","SYSTEM","SYSTEM","1"
"TUTTO","AMMCOMPENTABRDETFAMM","SYSTEM","SYSTEM","1"
"TUTTO","AMMCOMPENTABRDETFAMV","SYSTEM","SYSTEM","1"
"TUTTO","AMMCOMPENTABRDETLAVM","SYSTEM","SYSTEM","1"
"TUTTO","AMMCOMPENTABRDETLAVV","SYSTEM","SYSTEM","1"
"TUTTO","AMMCOMPENTABRESADDCE","SYSTEM","SYSTEM","1"
"TUTTO","AMMCOMPENTABRESADDCM","SYSTEM","SYSTEM","1"
"VISUALIZZAT","CFGPROGERCOREPROGERS","SYSTEM","SYSTEM","1"
"VISUALIZZAT","CFGPROGERCOREPROGERV","SYSTEM","SYSTEM","1"
"VISUALIZZAT","CFGSIOPEV","SYSTEM","SYSTEM","1"
"VISUALIZZAT","CFGSTRORGCORECENRESV","SYSTEM","SYSTEM","1"
"VISUALIZZAT","CFGSTRORGCOREUNIORGV","SYSTEM","SYSTEM","1"
"VISUALIZZAT","CNSBEPRCLCORECECRCLM","SYSTEM","SYSTEM","1"
"VISUALIZZAT","CNSBEPRCLCORESTPRCLM","SYSTEM","SYSTEM","1"
"VISUALIZZAT","CNSPDGINGCOREDETRES","SYSTEM","SYSTEM","1"
"VISUALIZZAT","CNSPDGINGCOREEANAACM","SYSTEM","SYSTEM","1"
"VISUALIZZAT","CNSPDGINGCOREESCCOMP","SYSTEM","SYSTEM","1"
"VISUALIZZAT","CNSPDGINGCOREESCVOCE","SYSTEM","SYSTEM","1"
"VISUALIZZAT","CNSPDGINGCOREESINACM","SYSTEM","SYSTEM","1"
"VISUALIZZAT","CNSPDGINGCOREETES","SYSTEM","SYSTEM","1"
"VISUALIZZAT","CNSPDGINGCOREETRRES","SYSTEM","SYSTEM","1"
"VISUALIZZAT","CNSPDGINGCORERNCDSEM","SYSTEM","SYSTEM","1"
"VISUALIZZAT","CNSPDGINGCORERNCDSSM","SYSTEM","SYSTEM","1"
"VISUALIZZAT","CNSPDGINGCORERNSACSM","SYSTEM","SYSTEM","1"
"VISUALIZZAT","CNSPDGINGCORESANAACM","SYSTEM","SYSTEM","1"
"VISUALIZZAT","CNSPDGINGCORESANACR","SYSTEM","SYSTEM","1"
"VISUALIZZAT","CNSPDGINGCORESSINACM","SYSTEM","SYSTEM","1"
"VISUALIZZAT","CNSPDGINGCORESSINCR","SYSTEM","SYSTEM","1"
"VISUALIZZAT","CNSPDGINGCOREURESVOC","SYSTEM","SYSTEM","1"
"VISUALIZZAT","CNSPDGINGCOREUSCRES","SYSTEM","SYSTEM","1"
"VISUALIZZAT","CNSPDGINGCOREUSES","SYSTEM","SYSTEM","1"
"VISUALIZZAT","CNSPDGINGPRGSINSPRG","SYSTEM","SYSTEM","1"
"VISUALIZZAT","CNSPDGINGSINRENDGAE","SYSTEM","SYSTEM","1"
"VISUALIZZAT","CNSPDGINGSITSINDGAE","SYSTEM","SYSTEM","1"
"VISUALIZZAT","CNSPDGINGURESESVOC","SYSTEM","SYSTEM","1"
"VISUALIZZAT","CNSSTAMPALIBGIO","SYSTEM","SYSTEM","1"
"VISUALIZZAT","CONSASSCOMPDT","SYSTEM","SYSTEM","1"
"VISUALIZZAT","CONSDOCAMMINVIOMAN","SYSTEM","SYSTEM","1"
"VISUALIZZAT","CONSDOCAMMINVIOREV","SYSTEM","SYSTEM","1"
"VISUALIZZAT","CONSDOCAMMPARGIROCDS","SYSTEM","SYSTEM","1"
"VISUALIZZAT","CONSDOCAMMPARGIROCNR","SYSTEM","SYSTEM","1"
"VISUALIZZAT","CONSGAECOMPETR","SYSTEM","SYSTEM","1"
"VISUALIZZAT","CONSGAECOMPSPE","SYSTEM","SYSTEM","1"
"VISUALIZZAT","CONSGAECOMRESSINT","SYSTEM","SYSTEM","1"
"VISUALIZZAT","CONSGAEREND","SYSTEM","SYSTEM","1"
"VISUALIZZAT","CONSGAERESETR","SYSTEM","SYSTEM","1"
"VISUALIZZAT","CONSGAERESSPE","SYSTEM","SYSTEM","1"
"VISUALIZZAT","CONSLIMITISPE","SYSTEM","SYSTEM","1"
"VISUALIZZAT","CONSULTCOSTIPERSO","SYSTEM","SYSTEM","1"
"VISUALIZZAT","CONSULTCOSTIPERSOMEN","SYSTEM","SYSTEM","1"
"VISUALIZZAT","CONSULTELENCOINVE","SYSTEM","SYSTEM","1"
"VISUALIZZAT","CONSULTWPACCERT","SYSTEM","SYSTEM","1"
"VISUALIZZAT","CONSULTWPOBBLIGAZ","SYSTEM","SYSTEM","1"
"VISUALIZZAT","CONSVARCOMPRES","SYSTEM","SYSTEM","1"
"VISUALIZZAT","CONSVARSTANZCOMP","SYSTEM","SYSTEM","1"
"VISUALIZZAT","DOCACCERTCOREACCRESV","SYSTEM","SYSTEM","1"
"VISUALIZZAT","DOCACCERTCORESTRACCM","SYSTEM","SYSTEM","1"
"VISUALIZZAT","DOCACCERTCORESTSCADM","SYSTEM","SYSTEM","1"
"VISUALIZZAT","DOCCONCOMPRESCDRENT","SYSTEM","SYSTEM","1"
"VISUALIZZAT","DOCCONCOMPRESDIPIST","SYSTEM","SYSTEM","1"
"VISUALIZZAT","DOCCONCOMPRESISTCDR","SYSTEM","SYSTEM","1"
"VISUALIZZAT","DOCCONCOMPRESISTVOC","SYSTEM","SYSTEM","1"
"VISUALIZZAT","DOCCONCOMPRESVOCENT","SYSTEM","SYSTEM","1"
"VISUALIZZAT","DOCCONMANCUPMAN","SYSTEM","SYSTEM","1"
"VISUALIZZAT","DOCCONMANRICMAN","SYSTEM","SYSTEM","1"
"VISUALIZZAT","DOCCONREVCUPREV","SYSTEM","SYSTEM","1"
"VISUALIZZAT","DOCCONREVRICREV","SYSTEM","SYSTEM","1"
"VISUALIZZAT","DOCCONTCONFTOT","SYSTEM","SYSTEM","1"
"VISUALIZZAT","DOCCONVAROBBPROV","SYSTEM","SYSTEM","1"
"VISUALIZZAT","DOCINTCASCOREDISCASV","SYSTEM","SYSTEM","1"
"VISUALIZZAT","DOCINTCASCORESITCASM","SYSTEM","SYSTEM","1"
"VISUALIZZAT","DOCINTCASCORESOSASSM","SYSTEM","SYSTEM","1"
"VISUALIZZAT","DOCINTCASCORESOSRISV","SYSTEM","SYSTEM","1"
"VISUALIZZAT","DOCINTCASCORESSOCDSM","SYSTEM","SYSTEM","1"
"VISUALIZZAT","DOCINTCASCORESSOMANM","SYSTEM","SYSTEM","1"
"VISUALIZZAT","DOCINTCASCORESSOREVM","SYSTEM","SYSTEM","1"
"VISUALIZZAT","DOCINTCASCORESTMRISM","SYSTEM","SYSTEM","1"
"VISUALIZZAT","DOCINTCASCORESTMSOSM","SYSTEM","SYSTEM","1"
"VISUALIZZAT","DOCMANDATCOREACCRE0V","SYSTEM","SYSTEM","1"
"VISUALIZZAT","DOCMANDATCOREMANREVV","SYSTEM","SYSTEM","1"
"VISUALIZZAT","DOCMANDATCOREPAGAM0V","SYSTEM","SYSTEM","1"
"VISUALIZZAT","DOCMANDATCOREREGOLAV","SYSTEM","SYSTEM","1"
"VISUALIZZAT","DOCMANDATCORESAVPAGM","SYSTEM","SYSTEM","1"
"VISUALIZZAT","DOCMANDATCORESTMASMM","SYSTEM","SYSTEM","1"
"VISUALIZZAT","DOCMANDATCORESTMASRM","SYSTEM","SYSTEM","1"
"VISUALIZZAT","DOCMANDATCORESTMMANM","SYSTEM","SYSTEM","1"
"VISUALIZZAT","DOCMANDATCORESTPAGEM","SYSTEM","SYSTEM","1"
"VISUALIZZAT","DOCMANDATTABRCUPV","SYSTEM","SYSTEM","1"
"VISUALIZZAT","DOCMANDATTABRTIBOLLV","SYSTEM","SYSTEM","1"
"VISUALIZZAT","DOCOBBCOREOBBRESPROV","SYSTEM","SYSTEM","1"
"VISUALIZZAT","DOCOBBLIGCONSSCADOBB","SYSTEM","SYSTEM","1"
"VISUALIZZAT","DOCOBBLIGCOREACCERTV","SYSTEM","SYSTEM","1"
"VISUALIZZAT","DOCOBBLIGCOREACCRESV","SYSTEM","SYSTEM","1"
"VISUALIZZAT","DOCOBBLIGCOREOBBLDFV","SYSTEM","SYSTEM","1"
"VISUALIZZAT","DOCOBBLIGCOREOBBLIGV","SYSTEM","SYSTEM","1"
"VISUALIZZAT","DOCOBBLIGCOREOBBLPRV","SYSTEM","SYSTEM","1"
"VISUALIZZAT","DOCOBBLIGCOREOBBRIPM","SYSTEM","SYSTEM","1"
"VISUALIZZAT","DOCOBBLIGCORESTMORDM","SYSTEM","SYSTEM","1"
"VISUALIZZAT","DOCOBBLIGCORESTOBLAM","SYSTEM","SYSTEM","1"
"VISUALIZZAT","DOCOBBLIGCORESTROBBM","SYSTEM","SYSTEM","1"
"VISUALIZZAT","DOCOBBLIGCORESTSCADM","SYSTEM","SYSTEM","1"
"VISUALIZZAT","DOCOBBLIGTABRTIPOBBV","SYSTEM","SYSTEM","1"
"VISUALIZZAT","DOCREVERSCOREREVERSV","SYSTEM","SYSTEM","1"
"VISUALIZZAT","DOCREVERSCORESTGREVM","SYSTEM","SYSTEM","1"
"VISUALIZZAT","PRVNPDGESTPDGAGGV","SYSTEM","SYSTEM","1"
"VISUALIZZAT","PRVNPDGESTSTATOCDRV","SYSTEM","SYSTEM","1"
"VISUALIZZAT","PRVTIPOVARIAZIONEV","SYSTEM","SYSTEM","1"
"VISUALIZZAT","PRVVARCOMPETENZAV","SYSTEM","SYSTEM","1"
"VISUALIZZAT","PRVVARSTANZRESIDV","SYSTEM","SYSTEM","1"
"VISUALIZZAT","PRVVARSTANZSTAMP","SYSTEM","SYSTEM","1"
"TUTTO","PRVARCHVARIAZIONEM","SYSTEM","SYSTEM","1"
"TUTTO","PRVBIPREVCOREBPRCDSM","SYSTEM","SYSTEM","1"
"TUTTO","PRVBIPREVCOREBPRCDSV","SYSTEM","SYSTEM","1"
"TUTTO","PRVBIPREVCOREBPRCNRM","SYSTEM","SYSTEM","1"
"TUTTO","PRVBIPREVCOREBPRCNRV","SYSTEM","SYSTEM","1"
"TUTTO","PRVBIPREVCORERESPREM","SYSTEM","SYSTEM","1"
"TUTTO","PRVBIPREVCORERESPREV","SYSTEM","SYSTEM","1"
"TUTTO","PRVCSTDIPCORECSTDIPM","SYSTEM","SYSTEM","1"
"TUTTO","PRVCSTDIPCORECSTDIPV","SYSTEM","SYSTEM","1"
"TUTTO","PRVCSTDIPCORERIPCSTM","SYSTEM","SYSTEM","1"
"TUTTO","PRVCSTDIPCORERIPCSTV","SYSTEM","SYSTEM","1"
"TUTTO","PRVCSTDIPPDGCSTDIPM","SYSTEM","SYSTEM","1"
"TUTTO","PRVCSTDIPPDGCSTDIPV","SYSTEM","SYSTEM","1"
"TUTTO","PRVCSTDIPPDGRIPCSTM","SYSTEM","SYSTEM","1"
"TUTTO","PRVCSTDIPPDGRIPCSTV","SYSTEM","SYSTEM","1"
"TUTTO","PRVFIRMAVARIAZIONE","SYSTEM","SYSTEM","1"
"TUTTO","PRVFIRMAVARIAZIONET","SYSTEM","SYSTEM","1"
"TUTTO","PRVNPDGCONTRSPEM","SYSTEM","SYSTEM","1"
"TUTTO","PRVNPDGCONTRSPEV","SYSTEM","SYSTEM","1"
"TUTTO","PRVNPDGDSCOSSPESM","SYSTEM","SYSTEM","1"
"TUTTO","PRVNPDGDSCOSSPESV","SYSTEM","SYSTEM","1"
"TUTTO","PRVNPDGENTRM","SYSTEM","SYSTEM","1"
"TUTTO","PRVNPDGENTRV","SYSTEM","SYSTEM","1"
"TUTTO","PRVNPDGESTPDGAGGM","SYSTEM","SYSTEM","1"
"TUTTO","PRVNPDGESTPDGAGGV","SYSTEM","SYSTEM","1"
"TUTTO","PRVNPDGESTSTATOCDRM","SYSTEM","SYSTEM","1"
"TUTTO","PRVNPDGESTSTATOCDRV","SYSTEM","SYSTEM","1"
"TUTTO","PRVNPDGGESTETRM","SYSTEM","SYSTEM","1"
"TUTTO","PRVNPDGGESTETRV","SYSTEM","SYSTEM","1"
"TUTTO","PRVNPDGGESTSPEM","SYSTEM","SYSTEM","1"
"TUTTO","PRVNPDGGESTSPEV","SYSTEM","SYSTEM","1"
"TUTTO","PRVPDGESTCOREPDGCORM","SYSTEM","SYSTEM","1"
"TUTTO","PRVPDGESTCOREPDGCORV","SYSTEM","SYSTEM","1"
"TUTTO","PRVPDGESTCOREPDGETRM","SYSTEM","SYSTEM","1"
"TUTTO","PRVPDGESTCOREPDGETRV","SYSTEM","SYSTEM","1"
"TUTTO","PRVPDGESTCOREPDGSPEM","SYSTEM","SYSTEM","1"
"TUTTO","PRVPDGESTCOREPDGSPEV","SYSTEM","SYSTEM","1"
"TUTTO","PRVPDGESTCORESTDCPGV","SYSTEM","SYSTEM","1"
"TUTTO","PRVPDGESTCORESTSTPGV","SYSTEM","SYSTEM","1"
"TUTTO","PRVPDGESTVARSTAMP","SYSTEM","SYSTEM","1"
"TUTTO","PRVPDGESTVARSTAMPR","SYSTEM","SYSTEM","1"
"TUTTO","PRVPDGGESCORESTRPCSM","SYSTEM","SYSTEM","1"
"TUTTO","PRVPDGINGCORECSTDIPM","SYSTEM","SYSTEM","1"
"TUTTO","PRVPDGINGCORECSTDIPV","SYSTEM","SYSTEM","1"
"TUTTO","PRVPDGINGCORERIPCSTM","SYSTEM","SYSTEM","1"
"TUTTO","PRVPDGINGCORERIPCSTV","SYSTEM","SYSTEM","1"
"TUTTO","PRVPDGINGCORESTRPCSM","SYSTEM","SYSTEM","1"
"TUTTO","PRVPDGPIANORIPARTOM","SYSTEM","SYSTEM","1"
"TUTTO","PRVPDGPIANORIPARTOV","SYSTEM","SYSTEM","1"
"TUTTO","PRVPDGSTAETRSPEDIP","SYSTEM","SYSTEM","1"
"TUTTO","PRVPDGSTAETRSPEIST","SYSTEM","SYSTEM","1"
"TUTTO","PRVPDGSTPBILANCIO","SYSTEM","SYSTEM","1"
"TUTTO","PRVPDGVARIAZIONIM","SYSTEM","SYSTEM","1"
"TUTTO","PRVPDGVARIAZIONIV","SYSTEM","SYSTEM","1"
"TUTTO","PRVRICOSRESM","SYSTEM","SYSTEM","1"
"TUTTO","PRVRICOSRESSTAMPAM","SYSTEM","SYSTEM","1"
"TUTTO","PRVRICOSRESV","SYSTEM","SYSTEM","1"
"TUTTO","PRVSTMPREFINDEC","SYSTEM","SYSTEM","1"
"TUTTO","PRVTIPOVARIAZIONEM","SYSTEM","SYSTEM","1"
"TUTTO","PRVTIPOVARIAZIONEV","SYSTEM","SYSTEM","1"
"TUTTO","PRVVARBILCOREVARBILM","SYSTEM","SYSTEM","1"
"TUTTO","PRVVARBILCOREVARBILV","SYSTEM","SYSTEM","1"
"TUTTO","PRVVARBILTABRCAUVBIM","SYSTEM","SYSTEM","1"
"TUTTO","PRVVARBILTABRCAUVBIV","SYSTEM","SYSTEM","1"
"TUTTO","PRVVARCOMPETENZAM","SYSTEM","SYSTEM","1"
"TUTTO","PRVVARCOMPETENZAV","SYSTEM","SYSTEM","1"
"TUTTO","PRVVARCOMPRIGAM","SYSTEM","SYSTEM","1"
"TUTTO","PRVVARCOMPRIGAV","SYSTEM","SYSTEM","1"
"TUTTO","PRVVARCOMPSTAMP","SYSTEM","SYSTEM","1"
"TUTTO","PRVVARCOMPSTAMPR","SYSTEM","SYSTEM","1"
"TUTTO","PRVVARSTANZRESIDM","SYSTEM","SYSTEM","1"
"TUTTO","PRVVARSTANZRESIDV","SYSTEM","SYSTEM","1"
"TUTTO","PRVVARSTANZSTAMP","SYSTEM","SYSTEM","1"
"TUTTO","RIESIOMAN","SYSTEM","SYSTEM","1"
"TUTTO","RIESIOREV","SYSTEM","SYSTEM","1"
"TUTTO","RIPGESRIPCOREANNMASM","SYSTEM","SYSTEM","1"
"TUTTO","RIPGESRIPCOREREVSUCM","SYSTEM","SYSTEM","1"
"TUTTO","RIPGESRIPCORERIPPREM","SYSTEM","SYSTEM","1"
"TUTTO","RIPGESRIPCORERIPSUCM","SYSTEM","SYSTEM","1"
"TUTTO","SIGLADWHSTAMPE","SYSTEM","SYSTEM","1"
"TUTTO","XXXATTIVITAXXX","SYSTEM","SYSTEM","1"
"TUTTO","XXXHTTPSESSIONXXXXXX","SYSTEM","SYSTEM","1"
"TUTTO","XXXMANAGELOCKOBJECTX","SYSTEM","SYSTEM","1"
"TUTTO","XXXRESINFCORERESINFX","SYSTEM","SYSTEM","1"
"TUTTO","XXXSTAMPAATTIVITAXXX","SYSTEM","SYSTEM","1"
"VISUALIZZAT","AMMCOMPENCORECOMPENV","SYSTEM","SYSTEM","1"
"VISUALIZZAT","AMMCONSFECOFONDO","SYSTEM","SYSTEM","1"
"VISUALIZZAT","AMMDOCFATTELETTV","SYSTEM","SYSTEM","1"
"VISUALIZZAT","AMMDOCGENDOCSGENATTV","SYSTEM","SYSTEM","1"
"VISUALIZZAT","AMMDOCGENDOCSGENPASV","SYSTEM","SYSTEM","1"
"VISUALIZZAT","AMMDOCGENDOCSGENPVPM","SYSTEM","SYSTEM","1"
"VISUALIZZAT","AMMDOCGENDOCSSTVPGGM","SYSTEM","SYSTEM","1"
"VISUALIZZAT","AMMFATTURDOCELEPASSV","SYSTEM","SYSTEM","1"
"VISUALIZZAT","AMMFATTURDOCSFATATTV","SYSTEM","SYSTEM","1"
"VISUALIZZAT","AMMFATTURDOCSFATPASV","SYSTEM","SYSTEM","1"
"VISUALIZZAT","AMMFATTURDOCSFATPVPM","SYSTEM","SYSTEM","1"
"VISUALIZZAT","AMMFATTURDOCSFATTFOM","SYSTEM","SYSTEM","1"
"VISUALIZZAT","AMMFATTURDOCSFPASCLM","SYSTEM","SYSTEM","1"
"VISUALIZZAT","AMMFATTURDOCSLDCAMMM","SYSTEM","SYSTEM","1"
"VISUALIZZAT","AMMFATTURDOCSNOTCRDV","SYSTEM","SYSTEM","1"
"VISUALIZZAT","AMMFATTURDOCSNOTDBTV","SYSTEM","SYSTEM","1"
"VISUALIZZAT","AMMFATTURDOCSNTCRDAV","SYSTEM","SYSTEM","1"
"VISUALIZZAT","AMMFATTURDOCSNTDBTAV","SYSTEM","SYSTEM","1"
"VISUALIZZAT","AMMFATTURINTRAINVV","SYSTEM","SYSTEM","1"
"VISUALIZZAT","AMMFATTURTABRATTCOMV","SYSTEM","SYSTEM","1"
"VISUALIZZAT","AMMFATTURTABRBENSERV","SYSTEM","SYSTEM","1"
"VISUALIZZAT","AMMFATTURTABRCAMBIOV","SYSTEM","SYSTEM","1"
"VISUALIZZAT","AMMFATTURTABRCNDCONV","SYSTEM","SYSTEM","1"
"VISUALIZZAT","AMMFATTURTABRCPAV","SYSTEM","SYSTEM","1"
"VISUALIZZAT","AMMFATTURTABRCTGRINV","SYSTEM","SYSTEM","1"
"VISUALIZZAT","AMMFATTURTABRGRUIVAV","SYSTEM","SYSTEM","1"
"VISUALIZZAT","AMMFATTURTABRMODEROV","SYSTEM","SYSTEM","1"
"VISUALIZZAT","AMMFATTURTABRMODINCV","SYSTEM","SYSTEM","1"
"VISUALIZZAT","AMMFATTURTABRMODTRAV","SYSTEM","SYSTEM","1"
"VISUALIZZAT","AMMFATTURTABRNATTRAV","SYSTEM","SYSTEM","1"
"VISUALIZZAT","AMMFATTURTABRNOMCOMV","SYSTEM","SYSTEM","1"
"VISUALIZZAT","AMMFATTURTABRSEZIONV","SYSTEM","SYSTEM","1"
"VISUALIZZAT","AMMFATTURTABRTARIFFV","SYSTEM","SYSTEM","1"
"VISUALIZZAT","AMMFATTURTABRTIPPREV","SYSTEM","SYSTEM","1"
"VISUALIZZAT","AMMFATTURTABRTIPSEZV","SYSTEM","SYSTEM","1"
"VISUALIZZAT","AMMFATTURTABRVALSTRV","SYSTEM","SYSTEM","1"
"VISUALIZZAT","AMMFATTURTABRVOCIVAV","SYSTEM","SYSTEM","1"
"VISUALIZZAT","AMMFDECONCOREFDECONV","SYSTEM","SYSTEM","1"
"VISUALIZZAT","AMMFDECONCORESPECONV","SYSTEM","SYSTEM","1"
"VISUALIZZAT","AMMFDECONCORESTVPGFM","SYSTEM","SYSTEM","1"
"VISUALIZZAT","AMMINVCONSASSDISP","SYSTEM","SYSTEM","1"
"VISUALIZZAT","AMMINVCONSIMPASS","SYSTEM","SYSTEM","1"
"VISUALIZZAT","AMMINVCONSINVUTIL","SYSTEM","SYSTEM","1"
"VISUALIZZAT","AMMINVCONSQUOUTIL","SYSTEM","SYSTEM","1"
"VISUALIZZAT","AMMINVCONSREGINV","SYSTEM","SYSTEM","1"
"VISUALIZZAT","AMMINVENTCORECARINVV","SYSTEM","SYSTEM","1"
"VISUALIZZAT","AMMINVENTCOREGESTBEV","SYSTEM","SYSTEM","1"
"VISUALIZZAT","AMMINVENTCOREREGINVM","SYSTEM","SYSTEM","1"
"VISUALIZZAT","AMMINVENTCORESCAINVV","SYSTEM","SYSTEM","1"
"VISUALIZZAT","AMMINVENTCORESTNOUTM","SYSTEM","SYSTEM","1"
"VISUALIZZAT","AMMINVENTSTASSBEFAM","SYSTEM","SYSTEM","1"
"VISUALIZZAT","AMMINVENTTABRCONBENV","SYSTEM","SYSTEM","1"
"VISUALIZZAT","AMMINVENTTABRIDINVEV","SYSTEM","SYSTEM","1"
"VISUALIZZAT","AMMINVENTTABRINVCONV","SYSTEM","SYSTEM","1"
"VISUALIZZAT","AMMINVENTTABRINVEACV","SYSTEM","SYSTEM","1"
"VISUALIZZAT","AMMINVENTTABRTIAMMOV","SYSTEM","SYSTEM","1"
"VISUALIZZAT","AMMINVENTTABRTIMOVIV","SYSTEM","SYSTEM","1"
"VISUALIZZAT","AMMINVENTTABRUBICAZV","SYSTEM","SYSTEM","1"
"VISUALIZZAT","CFGANAGCFCOREANAGCFV","SYSTEM","SYSTEM","1"
"VISUALIZZAT","CFGANAGCFCOREATERCFV","SYSTEM","SYSTEM","1"
"VISUALIZZAT","CFGANAGCFTABRABICABV","SYSTEM","SYSTEM","1"
"VISUALIZZAT","CFGANAGCFTABRCLANAGV","SYSTEM","SYSTEM","1"
"VISUALIZZAT","CFGANAGCFTABRCOMESTV","SYSTEM","SYSTEM","1"
"VISUALIZZAT","CFGANAGCFTABRISTATV","SYSTEM","SYSTEM","1"
"VISUALIZZAT","CFGANAGCFTABRRAPLEGV","SYSTEM","SYSTEM","1"
"VISUALIZZAT","CFGANAGCFTABRRIFINQV","SYSTEM","SYSTEM","1"
"VISUALIZZAT","CFGANAGCFTABRTERCOMV","SYSTEM","SYSTEM","1"
"VISUALIZZAT","CFGANAGCFTABRTERNAZV","SYSTEM","SYSTEM","1"
"VISUALIZZAT","CFGANAGCFTABRTERPAGV","SYSTEM","SYSTEM","1"
"VISUALIZZAT","CFGANAGCFTABRTIPRAPV","SYSTEM","SYSTEM","1"
"VISUALIZZAT","CFGCIGV","SYSTEM","SYSTEM","1"
"VISUALIZZAT","CFGCONTRATTOANAGV","SYSTEM","SYSTEM","1"
"VISUALIZZAT","CFGCONTRATTOATTOV","SYSTEM","SYSTEM","1"
"VISUALIZZAT","CFGCONTRATTOORGANOV","SYSTEM","SYSTEM","1"
"VISUALIZZAT","CFGCONTRATTOPROCAMMV","SYSTEM","SYSTEM","1"
"VISUALIZZAT","CFGCONTRATTOSTAMPM","SYSTEM","SYSTEM","1"
"VISUALIZZAT","CFGCONTRATTOTIPOV","SYSTEM","SYSTEM","1"
"VISUALIZZAT","CFGESERCICOREESERCIV","SYSTEM","SYSTEM","1"
"VISUALIZZAT","CFGEXCELCCORERECODAM","SYSTEM","SYSTEM","1"
"VISUALIZZAT","CFGLINATTCORELINATTV","SYSTEM","SYSTEM","1"
"VISUALIZZAT","CFGLINATTSTAMPM","SYSTEM","SYSTEM","1"
"VISUALIZZAT","CFGPARAMETRICDSV","SYSTEM","SYSTEM","1"
"VISUALIZZAT","CFGPARAMETRICNRV","SYSTEM","SYSTEM","1"
"VISUALIZZAT","CFGPARAMETRIUOV","SYSTEM","SYSTEM","1"
"VISUALIZZAT","CFGPDCECPCORECONTEPV","SYSTEM","SYSTEM","1"
"VISUALIZZAT","CFGPDCECPCORESTMECOM","SYSTEM","SYSTEM","1"
"VISUALIZZAT","CFGPDCFINASSCPE0010V","SYSTEM","SYSTEM","1"
"VISUALIZZAT","CFGPDCFINASSCPE0020V","SYSTEM","SYSTEM","1"
"VISUALIZZAT","CFGPDCFINASSCPF0040V","SYSTEM","SYSTEM","1"
"VISUALIZZAT","CFGPDCFINASSCPF0050V","SYSTEM","SYSTEM","1"
"VISUALIZZAT","CFGPDCFINASSCPF0060V","SYSTEM","SYSTEM","1"
"VISUALIZZAT","CFGPDCFINCLASVOCETRV","SYSTEM","SYSTEM","1"
"VISUALIZZAT","CFGPDCFINCLASVOCSPEV","SYSTEM","SYSTEM","1"
"VISUALIZZAT","CFGPDCFINCOREVOCETRV","SYSTEM","SYSTEM","1"
"VISUALIZZAT","CFGPDCFINCOREVOCSPEV","SYSTEM","SYSTEM","1"
"VISUALIZZAT","CFGPDCFINLIMSPEV","SYSTEM","SYSTEM","1"
"VISUALIZZAT","CFGPDCFINPARLIVELLIV","SYSTEM","SYSTEM","1"
"VISUALIZZAT","CFGPDCFINRICLASSENTV","SYSTEM","SYSTEM","1"
"VISUALIZZAT","CFGPDCFINRICLASSSPEV","SYSTEM","SYSTEM","1"
"VISUALIZZAT","CFGPDCFINTABRCATECOV","SYSTEM","SYSTEM","1"
"VISUALIZZAT","CFGPRINTCCORERECODAM","SYSTEM","SYSTEM","1"
